filename,width,height,class,xmin,ymin,xmax,ymax
(.1.jpg,4000,3000,(,394,372,782,1208
(.1.jpg,4000,3000,(,994,320,1406,1204
(.1.jpg,4000,3000,(,1630,300,1926,1184
(.1.jpg,4000,3000,(,2162,280,2566,1192
(.1.jpg,4000,3000,(,2766,240,3306,1192
(.1.jpg,4000,3000,(,442,1256,750,1856
(.1.jpg,4000,3000,(,1074,1232,1370,1776
(.1.jpg,4000,3000,(,1654,1204,1830,1760
(.1.jpg,4000,3000,(,2166,1212,2402,1804
(.1.jpg,4000,3000,(,2690,1224,3066,1916
(.1.jpg,4000,3000,(,546,1876,754,2320
(.1.jpg,4000,3000,(,1126,1792,1382,2368
(.1.jpg,4000,3000,(,1618,1796,1882,2412
(.1.jpg,4000,3000,(,2110,1856,2370,2492
(.1.jpg,4000,3000,(,2562,1936,2878,2536
(.2.jpg,4000,3000,(,601,484,1107,1272
(.2.jpg,4000,3000,(,1398,478,1748,1244
(.2.jpg,4000,3000,(,1988,491,2279,1194
(.2.jpg,4000,3000,(,2479,512,2820,1166
(.2.jpg,4000,3000,(,2910,503,3329,1153
(.2.jpg,4000,3000,(,810,1306,1041,1806
(.2.jpg,4000,3000,(,1476,1259,1720,1666
(.2.jpg,4000,3000,(,1970,1212,2145,1619
(.2.jpg,4000,3000,(,2398,1184,2585,1603
(.2.jpg,4000,3000,(,2782,1178,3020,1616
(.2.jpg,4000,3000,(,920,1825,1079,2162
(.2.jpg,4000,3000,(,1504,1678,1710,2091
(.2.jpg,4000,3000,(,1932,1641,2120,2044
(.2.jpg,4000,3000,(,2320,1622,2520,2025
(.2.jpg,4000,3000,(,2654,1628,2857,1975
(.3.jpg,4000,3000,(,810,231,1254,1250
(.3.jpg,4000,3000,(,1657,303,1998,1256
(.3.jpg,4000,3000,(,2251,406,2535,1187
(.3.jpg,4000,3000,(,2688,475,2979,1175
(.3.jpg,4000,3000,(,3051,522,3316,1169
(.3.jpg,4000,3000,(,835,1337,1179,2119
(.3.jpg,4000,3000,(,1704,1266,1957,1844
(.3.jpg,4000,3000,(,2216,1206,2410,1750
(.3.jpg,4000,3000,(,2638,1191,2807,1712
(.3.jpg,4000,3000,(,2970,1187,3166,1719
(.3.jpg,4000,3000,(,910,2141,1101,2728
(.3.jpg,4000,3000,(,1691,1856,1966,2506
(.3.jpg,4000,3000,(,2201,1781,2401,2378
(.3.jpg,4000,3000,(,2582,1744,2757,2300
(.3.jpg,4000,3000,(,2910,1731,3070,2200
(.4.jpg,4000,3000,(,332,297,776,1231
(.4.jpg,4000,3000,(,1151,278,1610,1231
(.4.jpg,4000,3000,(,1873,294,2238,1172
(.4.jpg,4000,3000,(,2470,328,2816,1147
(.4.jpg,4000,3000,(,2998,325,3473,1147
(.4.jpg,4000,3000,(,382,1297,710,2044
(.4.jpg,4000,3000,(,1263,1247,1595,1872
(.4.jpg,4000,3000,(,1879,1191,2095,1809
(.4.jpg,4000,3000,(,2460,1169,2679,1784
(.4.jpg,4000,3000,(,2957,1166,3345,1825
(.4.jpg,4000,3000,(,413,2078,673,2678
(.4.jpg,4000,3000,(,1301,1884,1529,2597
(.4.jpg,4000,3000,(,1907,1837,2113,2531
(.4.jpg,4000,3000,(,2432,1828,2695,2516
(.4.jpg,4000,3000,(,2913,1847,3170,2469
).1.jpg,4000,3000,),123,237,620,1119
).1.jpg,4000,3000,),710,231,1254,1156
).1.jpg,4000,3000,),1404,237,1745,1191
).1.jpg,4000,3000,),2032,259,2538,1153
).1.jpg,4000,3000,),2798,312,3148,1175
).1.jpg,4000,3000,),313,1169,685,1891
).1.jpg,4000,3000,),973,1184,1307,1872
).1.jpg,4000,3000,),1573,1234,1848,1872
).1.jpg,4000,3000,),2179,1175,2470,1881
).1.jpg,4000,3000,),2791,1206,3123,1950
).1.jpg,4000,3000,),445,1919,770,2597
).1.jpg,4000,3000,),1066,1906,1357,2497
).1.jpg,4000,3000,),1588,1906,1916,2481
).1.jpg,4000,3000,),2195,1887,2460,2484
).1.jpg,4000,3000,),2801,1969,3035,2462
).2.jpg,4000,3000,),285,287,679,1100
).2.jpg,4000,3000,),851,325,1301,1134
).2.jpg,4000,3000,),1482,353,1863,1159
).2.jpg,4000,3000,),2141,369,2529,1147
).2.jpg,4000,3000,),2788,419,3098,1166
).2.jpg,4000,3000,),516,1137,813,1703
).2.jpg,4000,3000,),1082,1159,1370,1697
).2.jpg,4000,3000,),1582,1194,1854,1725
).2.jpg,4000,3000,),2151,1181,2391,1706
).2.jpg,4000,3000,),2670,1203,2951,1759
).2.jpg,4000,3000,),635,1719,907,2231
).2.jpg,4000,3000,),1132,1716,1407,2137
).2.jpg,4000,3000,),1570,1734,1835,2128
).2.jpg,4000,3000,),2091,1722,2320,2128
).2.jpg,4000,3000,),2538,1769,2770,2109
).3.jpg,4000,3000,),210,281,679,1287
).3.jpg,4000,3000,),898,344,1279,1303
).3.jpg,4000,3000,),1520,391,1782,1291
).3.jpg,4000,3000,),2038,441,2307,1216
).3.jpg,4000,3000,),2516,500,2798,1231
).3.jpg,4000,3000,),420,1319,741,2128
).3.jpg,4000,3000,),1066,1325,1348,1997
).3.jpg,4000,3000,),1576,1325,1826,1922
).3.jpg,4000,3000,),2060,1253,2295,1844
).3.jpg,4000,3000,),2479,1253,2682,1834
).3.jpg,4000,3000,),498,2153,782,2894
).3.jpg,4000,3000,),1129,2022,1382,2587
).3.jpg,4000,3000,),1598,1953,1829,2475
).3.jpg,4000,3000,),2032,1859,2282,2362
).3.jpg,4000,3000,),2432,1869,2645,2234
).4.jpg,4000,3000,),507,425,835,1103
).4.jpg,4000,3000,),916,397,1295,1159
).4.jpg,4000,3000,),1398,394,1741,1219
).4.jpg,4000,3000,),2054,362,2438,1200
).4.jpg,4000,3000,),2785,378,3179,1253
).4.jpg,4000,3000,),641,1137,860,1731
).4.jpg,4000,3000,),1107,1181,1345,1781
).4.jpg,4000,3000,),1557,1253,1876,1837
).4.jpg,4000,3000,),2160,1237,2498,1916
).4.jpg,4000,3000,),2770,1300,3191,2047
).4.jpg,4000,3000,),691,1753,960,2381
).4.jpg,4000,3000,),1145,1794,1426,2359
).4.jpg,4000,3000,),1582,1862,1848,2428
).4.jpg,4000,3000,),2135,1925,2473,2522
).4.jpg,4000,3000,),2798,2094,3107,2587
+.1.jpg,4000,3000,+,360,362,823,972
+.1.jpg,4000,3000,+,991,437,1485,978
+.1.jpg,4000,3000,+,1620,403,2116,1006
+.1.jpg,4000,3000,+,2248,400,2766,975
+.1.jpg,4000,3000,+,3029,350,3451,959
+.1.jpg,4000,3000,+,501,1259,954,1806
+.1.jpg,4000,3000,+,1107,1237,1491,1812
+.1.jpg,4000,3000,+,1638,1206,2251,1806
+.1.jpg,4000,3000,+,2360,1181,2745,1787
+.1.jpg,4000,3000,+,2963,1184,3373,1759
+.1.jpg,4000,3000,+,626,2059,1041,2481
+.1.jpg,4000,3000,+,1223,1947,1629,2394
+.1.jpg,4000,3000,+,1726,1937,2201,2416
+.1.jpg,4000,3000,+,2332,1941,2751,2466
+.1.jpg,4000,3000,+,2845,1944,3248,2391
+.2.jpg,4000,3000,+,348,156,885,859
+.2.jpg,4000,3000,+,1038,294,1504,878
+.2.jpg,4000,3000,+,1660,306,2123,894
+.2.jpg,4000,3000,+,2170,328,2557,922
+.2.jpg,4000,3000,+,2704,341,3001,825
+.2.jpg,4000,3000,+,504,1206,982,1797
+.2.jpg,4000,3000,+,1151,1156,1529,1741
+.2.jpg,4000,3000,+,1645,1097,2095,1687
+.2.jpg,4000,3000,+,2198,1084,2501,1594
+.2.jpg,4000,3000,+,2632,1053,2938,1525
+.2.jpg,4000,3000,+,632,2053,1001,2578
+.2.jpg,4000,3000,+,1260,1891,1598,2344
+.2.jpg,4000,3000,+,1720,1794,2076,2322
+.2.jpg,4000,3000,+,2179,1769,2460,2206
+.2.jpg,4000,3000,+,2548,1687,2854,2062
+.3.jpg,4000,3000,+,310,344,782,953
+.3.jpg,4000,3000,+,923,462,1373,944
+.3.jpg,4000,3000,+,1526,466,2045,1012
+.3.jpg,4000,3000,+,2116,487,2651,1053
+.3.jpg,4000,3000,+,2829,494,3251,984
+.3.jpg,4000,3000,+,498,1162,926,1612
+.3.jpg,4000,3000,+,1048,1147,1395,1581
+.3.jpg,4000,3000,+,1513,1125,2010,1672
+.3.jpg,4000,3000,+,2116,1181,2451,1644
+.3.jpg,4000,3000,+,2682,1212,3013,1587
+.3.jpg,4000,3000,+,632,1794,935,2147
+.3.jpg,4000,3000,+,1113,1756,1438,2087
+.3.jpg,4000,3000,+,1538,1750,1913,2106
+.3.jpg,4000,3000,+,2032,1769,2357,2125
+.3.jpg,4000,3000,+,2479,1759,2810,2087
+.4.jpg,4000,3000,+,485,497,791,997
+.4.jpg,4000,3000,+,901,550,1257,1012
+.4.jpg,4000,3000,+,1326,531,1832,1044
+.4.jpg,4000,3000,+,1938,509,2576,1112
+.4.jpg,4000,3000,+,2863,453,3407,1097
+.4.jpg,4000,3000,+,538,1216,904,1650
+.4.jpg,4000,3000,+,988,1253,1279,1712
+.4.jpg,4000,3000,+,1398,1259,1920,1862
+.4.jpg,4000,3000,+,2035,1334,2448,1931
+.4.jpg,4000,3000,+,2726,1437,3204,2009
+.4.jpg,4000,3000,+,607,1887,845,2300
+.4.jpg,4000,3000,+,1032,1931,1335,2350
+.4.jpg,4000,3000,+,1438,1984,1841,2525
+.4.jpg,4000,3000,+,1995,2134,2370,2709
+.4.jpg,4000,3000,+,2566,2259,3141,2762
-.1.jpg,4000,3000,-,338,534,1073,891
-.1.jpg,4000,3000,-,1235,544,1857,872
-.1.jpg,4000,3000,-,1963,522,2604,787
-.1.jpg,4000,3000,-,2701,491,3173,731
-.1.jpg,4000,3000,-,3245,487,3673,600
-.1.jpg,4000,3000,-,526,1356,1254,1581
-.1.jpg,4000,3000,-,1470,1322,1998,1516
-.1.jpg,4000,3000,-,2098,1256,2645,1447
-.1.jpg,4000,3000,-,2691,1237,3163,1441
-.1.jpg,4000,3000,-,3213,1241,3570,1403
-.1.jpg,4000,3000,-,801,2228,1401,2503
-.1.jpg,4000,3000,-,1588,2197,2032,2375
-.1.jpg,4000,3000,-,2116,2153,2632,2344
-.1.jpg,4000,3000,-,2713,2094,3148,2291
-.1.jpg,4000,3000,-,3179,2084,3479,2203
-.2.jpg,4000,3000,-,538,487,1182,747
-.2.jpg,4000,3000,-,1366,600,1770,769
-.2.jpg,4000,3000,-,1863,594,2285,756
-.2.jpg,4000,3000,-,2329,609,2601,725
-.2.jpg,4000,3000,-,2641,612,2851,737
-.2.jpg,4000,3000,-,660,1375,1248,1487
-.2.jpg,4000,3000,-,1529,1272,1857,1394
-.2.jpg,4000,3000,-,1957,1228,2301,1325
-.2.jpg,4000,3000,-,2323,1194,2598,1325
-.2.jpg,4000,3000,-,2623,1175,2804,1266
-.2.jpg,4000,3000,-,838,2212,1404,2381
-.2.jpg,4000,3000,-,1573,2053,1888,2191
-.2.jpg,4000,3000,-,1954,1941,2279,2100
-.2.jpg,4000,3000,-,2304,1850,2582,1972
-.2.jpg,4000,3000,-,2588,1812,2770,1875
-.3.jpg,4000,3000,-,613,775,1207,916
-.3.jpg,4000,3000,-,1360,797,1829,866
-.3.jpg,4000,3000,-,1938,762,2445,869
-.3.jpg,4000,3000,-,2560,734,2935,825
-.3.jpg,4000,3000,-,3026,741,3379,812
-.3.jpg,4000,3000,-,801,1337,1316,1512
-.3.jpg,4000,3000,-,1526,1350,1913,1444
-.3.jpg,4000,3000,-,2001,1325,2454,1400
-.3.jpg,4000,3000,-,2507,1287,2870,1422
-.3.jpg,4000,3000,-,2913,1322,3185,1412
-.3.jpg,4000,3000,-,1038,1934,1432,2084
-.3.jpg,4000,3000,-,1591,1950,1938,2037
-.3.jpg,4000,3000,-,2007,1925,2363,2025
-.3.jpg,4000,3000,-,2448,1912,2776,1969
-.3.jpg,4000,3000,-,2813,1897,3032,1972
-.4.jpg,4000,3000,-,388,359,960,512
-.4.jpg,4000,3000,-,1076,412,1538,522
-.4.jpg,4000,3000,-,1623,400,2298,500
-.4.jpg,4000,3000,-,2404,406,2923,528
-.4.jpg,4000,3000,-,2988,422,3523,497
-.4.jpg,4000,3000,-,460,1034,1016,1256
-.4.jpg,4000,3000,-,1179,1087,1660,1281
-.4.jpg,4000,3000,-,1770,1128,2326,1294
-.4.jpg,4000,3000,-,2357,1212,2863,1344
-.4.jpg,4000,3000,-,2954,1275,3360,1381
-.4.jpg,4000,3000,-,582,1875,1001,2062
-.4.jpg,4000,3000,-,1232,1991,1616,2150
-.4.jpg,4000,3000,-,1738,2094,2229,2228
-.4.jpg,4000,3000,-,2307,2112,2804,2306
-.4.jpg,4000,3000,-,2835,2166,3210,2394
0.1.jpg,4000,3000,0,220,412,701,922
0.1.jpg,4000,3000,0,882,462,1273,991
0.1.jpg,4000,3000,0,1476,481,1904,1025
0.1.jpg,4000,3000,0,1985,459,2570,978
0.1.jpg,4000,3000,0,2770,475,3145,922
0.1.jpg,4000,3000,0,351,1162,791,1678
0.1.jpg,4000,3000,0,960,1241,1313,1731
0.1.jpg,4000,3000,0,1516,1334,1888,1772
0.1.jpg,4000,3000,0,2029,1372,2363,1822
0.1.jpg,4000,3000,0,2629,1391,2954,1797
0.1.jpg,4000,3000,0,491,1978,870,2384
0.1.jpg,4000,3000,0,1029,2022,1363,2419
0.1.jpg,4000,3000,0,1485,2050,1910,2484
0.1.jpg,4000,3000,0,2004,2091,2301,2475
0.1.jpg,4000,3000,0,2551,2069,2910,2450
0.2.jpg,4000,3000,0,63,159,670,847
0.2.jpg,4000,3000,0,857,278,1285,872
0.2.jpg,4000,3000,0,1429,337,1807,853
0.2.jpg,4000,3000,0,1888,350,2282,800
0.2.jpg,4000,3000,0,2379,394,2613,769
0.2.jpg,4000,3000,0,213,1078,710,1647
0.2.jpg,4000,3000,0,904,1103,1332,1653
0.2.jpg,4000,3000,0,1432,1150,1813,1616
0.2.jpg,4000,3000,0,1863,1153,2107,1541
0.2.jpg,4000,3000,0,2273,1141,2504,1487
0.2.jpg,4000,3000,0,391,1981,835,2491
0.2.jpg,4000,3000,0,979,1922,1307,2316
0.2.jpg,4000,3000,0,1473,1834,1754,2247
0.2.jpg,4000,3000,0,1854,1797,2041,2125
0.2.jpg,4000,3000,0,2191,1678,2460,2019
0.3.jpg,4000,3000,0,523,347,979,837
0.3.jpg,4000,3000,0,1123,419,1507,862
0.3.jpg,4000,3000,0,1623,456,2110,931
0.3.jpg,4000,3000,0,2145,456,2629,881
0.3.jpg,4000,3000,0,2766,500,3110,862
0.3.jpg,4000,3000,0,666,1009,1020,1431
0.3.jpg,4000,3000,0,1170,1059,1532,1472
0.3.jpg,4000,3000,0,1648,1125,1998,1494
0.3.jpg,4000,3000,0,2085,1178,2363,1509
0.3.jpg,4000,3000,0,2529,1194,2873,1519
0.3.jpg,4000,3000,0,813,1597,1082,1919
0.3.jpg,4000,3000,0,1210,1662,1510,1928
0.3.jpg,4000,3000,0,1613,1659,1901,1953
0.3.jpg,4000,3000,0,2023,1678,2210,1947
0.3.jpg,4000,3000,0,2376,1666,2704,1941
0.4.jpg,4000,3000,0,404,409,751,853
0.4.jpg,4000,3000,0,904,444,1226,934
0.4.jpg,4000,3000,0,1360,437,1754,947
0.4.jpg,4000,3000,0,1832,422,2385,881
0.4.jpg,4000,3000,0,2557,391,2948,850
0.4.jpg,4000,3000,0,516,1069,845,1500
0.4.jpg,4000,3000,0,960,1125,1245,1584
0.4.jpg,4000,3000,0,1410,1200,1760,1666
0.4.jpg,4000,3000,0,1860,1256,2163,1716
0.4.jpg,4000,3000,0,2407,1322,2848,1731
0.4.jpg,4000,3000,0,598,1731,907,2162
0.4.jpg,4000,3000,0,1041,1831,1276,2209
0.4.jpg,4000,3000,0,1416,1891,1738,2347
0.4.jpg,4000,3000,0,1863,1953,2120,2366
0.4.jpg,4000,3000,0,2366,2006,2779,2422
1.1.jpg,4000,3000,1,345,422,591,991
1.1.jpg,4000,3000,1,860,400,1079,1081
1.1.jpg,4000,3000,1,1338,472,1541,997
1.1.jpg,4000,3000,1,1920,478,2091,1025
1.1.jpg,4000,3000,1,2507,481,2635,947
1.1.jpg,4000,3000,1,460,1278,638,1769
1.1.jpg,4000,3000,1,907,1184,1057,1741
1.1.jpg,4000,3000,1,1373,1231,1523,1703
1.1.jpg,4000,3000,1,1876,1200,2023,1675
1.1.jpg,4000,3000,1,2504,1212,2632,1672
1.1.jpg,4000,3000,1,598,2156,754,2500
1.1.jpg,4000,3000,1,1007,2109,1116,2494
1.1.jpg,4000,3000,1,1407,2103,1570,2447
1.1.jpg,4000,3000,1,1870,2069,2001,2459
1.1.jpg,4000,3000,1,2479,1991,2595,2437
1.2.jpg,4000,3000,1,182,197,435,937
1.2.jpg,4000,3000,1,823,203,1032,1031
1.2.jpg,4000,3000,1,1341,269,1466,856
1.2.jpg,4000,3000,1,1810,312,1957,866
1.2.jpg,4000,3000,1,2198,341,2366,728
1.2.jpg,4000,3000,1,304,1334,579,1906
1.2.jpg,4000,3000,1,866,1134,1041,1750
1.2.jpg,4000,3000,1,1341,1125,1479,1609
1.2.jpg,4000,3000,1,1754,1041,1907,1497
1.2.jpg,4000,3000,1,2207,991,2313,1391
1.2.jpg,4000,3000,1,516,2381,760,2791
1.2.jpg,4000,3000,1,945,2169,1148,2566
1.2.jpg,4000,3000,1,1385,1997,1560,2387
1.2.jpg,4000,3000,1,1745,1903,1926,2231
1.2.jpg,4000,3000,1,2182,1669,2298,2103
1.3.jpg,4000,3000,1,470,394,685,947
1.3.jpg,4000,3000,1,988,400,1220,1019
1.3.jpg,4000,3000,1,1501,469,1670,966
1.3.jpg,4000,3000,1,2029,519,2188,1009
1.3.jpg,4000,3000,1,2560,547,2760,934
1.3.jpg,4000,3000,1,604,1200,788,1594
1.3.jpg,4000,3000,1,1041,1112,1207,1606
1.3.jpg,4000,3000,1,1473,1150,1585,1562
1.3.jpg,4000,3000,1,1907,1153,2091,1534
1.3.jpg,4000,3000,1,2470,1159,2632,1537
1.3.jpg,4000,3000,1,748,1894,904,2191
1.3.jpg,4000,3000,1,1116,1859,1210,2147
1.3.jpg,4000,3000,1,1476,1850,1604,2131
1.3.jpg,4000,3000,1,1851,1828,1995,2116
1.3.jpg,4000,3000,1,2316,1747,2548,2100
1.4.jpg,4000,3000,1,426,344,632,862
1.4.jpg,4000,3000,1,848,316,1001,956
1.4.jpg,4000,3000,1,1251,366,1404,866
1.4.jpg,4000,3000,1,1763,350,1941,937
1.4.jpg,4000,3000,1,2370,359,2529,850
1.4.jpg,4000,3000,1,516,1125,688,1556
1.4.jpg,4000,3000,1,848,1053,1035,1562
1.4.jpg,4000,3000,1,1254,1109,1445,1553
1.4.jpg,4000,3000,1,1723,1081,1901,1575
1.4.jpg,4000,3000,1,2360,1125,2541,1619
1.4.jpg,4000,3000,1,2316,1956,2545,2475
1.4.jpg,4000,3000,1,1726,1987,1910,2384
1.4.jpg,4000,3000,1,1276,1953,1507,2316
1.4.jpg,4000,3000,1,929,1925,1116,2294
1.4.jpg,4000,3000,1,607,1909,757,2275
2.1.jpg,4000,3000,2,348,362,916,1003
2.1.jpg,4000,3000,2,1132,419,1560,953
2.1.jpg,4000,3000,2,1845,372,2316,956
2.1.jpg,4000,3000,2,2523,412,2938,903
2.1.jpg,4000,3000,2,3188,409,3529,878
2.1.jpg,4000,3000,2,495,1269,1041,1791
2.1.jpg,4000,3000,2,1170,1237,1635,1734
2.1.jpg,4000,3000,2,1873,1228,2304,1753
2.1.jpg,4000,3000,2,2463,1266,2857,1847
2.1.jpg,4000,3000,2,3060,1303,3382,1756
2.1.jpg,4000,3000,2,632,2044,1123,2469
2.1.jpg,4000,3000,2,1276,1991,1698,2369
2.1.jpg,4000,3000,2,1913,1991,2313,2469
2.1.jpg,4000,3000,2,2463,1987,2838,2400
2.1.jpg,4000,3000,2,2938,1956,3404,2366
2.2.jpg,4000,3000,2,201,256,935,1034
2.2.jpg,4000,3000,2,1138,391,1532,994
2.2.jpg,4000,3000,2,1816,372,2185,944
2.2.jpg,4000,3000,2,2307,422,2607,900
2.2.jpg,4000,3000,2,2738,466,2948,869
2.2.jpg,4000,3000,2,401,1372,1013,1959
2.2.jpg,4000,3000,2,1173,1256,1585,1816
2.2.jpg,4000,3000,2,1795,1231,2116,1703
2.2.jpg,4000,3000,2,2241,1244,2498,1731
2.2.jpg,4000,3000,2,2598,1222,2832,1581
2.2.jpg,4000,3000,2,563,2269,1057,2737
2.2.jpg,4000,3000,2,1251,2016,1629,2437
2.2.jpg,4000,3000,2,1798,1934,2126,2375
2.2.jpg,4000,3000,2,2223,1847,2476,2184
2.2.jpg,4000,3000,2,2570,1759,2788,2087
2.3.jpg,4000,3000,2,651,384,1001,856
2.3.jpg,4000,3000,2,1141,391,1466,834
2.3.jpg,4000,3000,2,1716,331,2135,881
2.3.jpg,4000,3000,2,2295,353,2779,831
2.3.jpg,4000,3000,2,2976,306,3429,791
2.3.jpg,4000,3000,2,726,1069,1116,1500
2.3.jpg,4000,3000,2,1198,1072,1538,1503
2.3.jpg,4000,3000,2,1707,1131,2110,1584
2.3.jpg,4000,3000,2,2245,1219,2629,1734
2.3.jpg,4000,3000,2,2885,1244,3251,1712
2.3.jpg,4000,3000,2,788,1681,1176,2059
2.3.jpg,4000,3000,2,1260,1706,1557,2062
2.3.jpg,4000,3000,2,1751,1769,2082,2234
2.3.jpg,4000,3000,2,2251,1862,2632,2291
2.3.jpg,4000,3000,2,2763,1897,3245,2362
2.4.jpg,4000,3000,2,445,344,1041,944
2.4.jpg,4000,3000,2,1210,416,1698,891
2.4.jpg,4000,3000,2,1935,409,2404,937
2.4.jpg,4000,3000,2,2557,431,2935,856
2.4.jpg,4000,3000,2,3195,450,3470,859
2.4.jpg,4000,3000,2,641,1156,1145,1572
2.4.jpg,4000,3000,2,1291,1112,1666,1537
2.4.jpg,4000,3000,2,1891,1134,2210,1528
2.4.jpg,4000,3000,2,2373,1209,2685,1603
2.4.jpg,4000,3000,2,2876,1222,3132,1534
2.4.jpg,4000,3000,2,785,1737,1201,2041
2.4.jpg,4000,3000,2,1341,1694,1673,1966
2.4.jpg,4000,3000,2,1870,1697,2191,2025
2.4.jpg,4000,3000,2,2326,1691,2601,1981
2.4.jpg,4000,3000,2,2691,1678,3041,1966
3.1.jpg,4000,3000,3,401,319,966,1131
3.1.jpg,4000,3000,3,1260,419,1582,1037
3.1.jpg,4000,3000,3,1848,350,2266,1078
3.1.jpg,4000,3000,3,2529,331,2963,1050
3.1.jpg,4000,3000,3,3266,353,3620,1009
3.1.jpg,4000,3000,3,570,1222,1004,1884
3.1.jpg,4000,3000,3,1241,1219,1654,1806
3.1.jpg,4000,3000,3,1910,1262,2260,1978
3.1.jpg,4000,3000,3,2488,1312,2841,1959
3.1.jpg,4000,3000,3,3098,1347,3398,1931
3.1.jpg,4000,3000,3,648,2003,1085,2553
3.1.jpg,4000,3000,3,1320,2025,1616,2519
3.1.jpg,4000,3000,3,1916,2028,2229,2522
3.1.jpg,4000,3000,3,2429,2047,2710,2531
3.1.jpg,4000,3000,3,3045,2041,3360,2506
3.2.jpg,4000,3000,3,229,300,904,1253
3.2.jpg,4000,3000,3,1151,447,1598,1106
3.2.jpg,4000,3000,3,1726,434,2110,1097
3.2.jpg,4000,3000,3,2288,431,2560,1059
3.2.jpg,4000,3000,3,2754,469,2957,1037
3.2.jpg,4000,3000,3,423,1359,976,2091
3.2.jpg,4000,3000,3,1254,1325,1551,1866
3.2.jpg,4000,3000,3,1760,1272,2035,1928
3.2.jpg,4000,3000,3,2223,1237,2448,1850
3.2.jpg,4000,3000,3,2601,1272,2816,1722
3.2.jpg,4000,3000,3,613,2216,926,2816
3.2.jpg,4000,3000,3,1288,2084,1576,2606
3.2.jpg,4000,3000,3,1751,1975,1991,2462
3.2.jpg,4000,3000,3,2138,1919,2370,2341
3.2.jpg,4000,3000,3,2529,1828,2738,2212
3.3.jpg,4000,3000,3,541,444,1007,1062
3.3.jpg,4000,3000,3,1154,453,1457,1019
3.3.jpg,4000,3000,3,1648,378,2054,1009
3.3.jpg,4000,3000,3,2270,287,2710,1031
3.3.jpg,4000,3000,3,3088,231,3407,900
3.3.jpg,4000,3000,3,716,1178,1095,1703
3.3.jpg,4000,3000,3,1266,1181,1535,1653
3.3.jpg,4000,3000,3,1760,1191,2057,1856
3.3.jpg,4000,3000,3,2323,1244,2651,1850
3.3.jpg,4000,3000,3,2895,1253,3313,1872
3.3.jpg,4000,3000,3,841,1797,1123,2225
3.3.jpg,4000,3000,3,1307,1847,1610,2275
3.3.jpg,4000,3000,3,1807,1891,2063,2353
3.3.jpg,4000,3000,3,2276,1928,2541,2409
3.3.jpg,4000,3000,3,2913,1978,3257,2475
3.4.jpg,4000,3000,3,338,397,976,1147
3.4.jpg,4000,3000,3,1226,516,1666,1069
3.4.jpg,4000,3000,3,1873,472,2220,1122
3.4.jpg,4000,3000,3,2420,447,2885,1081
3.4.jpg,4000,3000,3,3048,459,3441,997
3.4.jpg,4000,3000,3,616,1231,1032,1762
3.4.jpg,4000,3000,3,1310,1225,1607,1678
3.4.jpg,4000,3000,3,1845,1259,2145,1766
3.4.jpg,4000,3000,3,2354,1259,2638,1728
3.4.jpg,4000,3000,3,2845,1291,3126,1691
3.4.jpg,4000,3000,3,741,1822,1057,2225
3.4.jpg,4000,3000,3,1326,1806,1573,2178
3.4.jpg,4000,3000,3,1823,1809,2041,2156
3.4.jpg,4000,3000,3,2201,1806,2476,2162
3.4.jpg,4000,3000,3,2676,1778,2954,2100
4.1.jpg,4000,3000,4,610,522,1026,1053
4.1.jpg,4000,3000,4,1123,528,1482,981
4.1.jpg,4000,3000,4,1735,572,2116,1022
4.1.jpg,4000,3000,4,2266,503,2626,959
4.1.jpg,4000,3000,4,2888,484,3323,1059
4.1.jpg,4000,3000,4,735,1187,1070,1625
4.1.jpg,4000,3000,4,1185,1141,1557,1681
4.1.jpg,4000,3000,4,1723,1166,2076,1622
4.1.jpg,4000,3000,4,2238,1181,2554,1650
4.1.jpg,4000,3000,4,2720,1203,3207,1694
4.1.jpg,4000,3000,4,807,1881,1163,2422
4.1.jpg,4000,3000,4,1245,1897,1535,2337
4.1.jpg,4000,3000,4,1776,1878,2110,2328
4.1.jpg,4000,3000,4,2232,1862,2616,2334
4.1.jpg,4000,3000,4,2770,1844,3126,2325
4.2.jpg,4000,3000,4,470,416,982,1062
4.2.jpg,4000,3000,4,1104,412,1513,994
4.2.jpg,4000,3000,4,1673,494,2063,1028
4.2.jpg,4000,3000,4,2160,478,2423,900
4.2.jpg,4000,3000,4,2598,462,2910,987
4.2.jpg,4000,3000,4,548,1241,1091,1750
4.2.jpg,4000,3000,4,1185,1100,1548,1675
4.2.jpg,4000,3000,4,1698,1144,1985,1594
4.2.jpg,4000,3000,4,2088,1122,2351,1537
4.2.jpg,4000,3000,4,2463,1109,2766,1512
4.2.jpg,4000,3000,4,726,2094,1132,2669
4.2.jpg,4000,3000,4,1248,2012,1526,2444
4.2.jpg,4000,3000,4,1710,1837,1995,2278
4.2.jpg,4000,3000,4,2091,1722,2376,2187
4.2.jpg,4000,3000,4,2454,1662,2741,2031
4.3.jpg,4000,3000,4,666,691,938,1081
4.3.jpg,4000,3000,4,1038,675,1326,1050
4.3.jpg,4000,3000,4,1482,666,1826,1106
4.3.jpg,4000,3000,4,1982,612,2329,1037
4.3.jpg,4000,3000,4,2566,556,3023,1137
4.3.jpg,4000,3000,4,770,1219,1007,1559
4.3.jpg,4000,3000,4,1104,1172,1388,1625
4.3.jpg,4000,3000,4,1545,1231,1798,1622
4.3.jpg,4000,3000,4,1954,1237,2238,1697
4.3.jpg,4000,3000,4,2429,1259,2957,1781
4.3.jpg,4000,3000,4,801,1812,1091,2278
4.3.jpg,4000,3000,4,1157,1872,1395,2244
4.3.jpg,4000,3000,4,1551,1872,1879,2275
4.3.jpg,4000,3000,4,1985,1887,2323,2391
4.3.jpg,4000,3000,4,2516,1928,2913,2475
4.4.jpg,4000,3000,4,416,519,820,1025
4.4.jpg,4000,3000,4,970,531,1441,1025
4.4.jpg,4000,3000,4,1620,600,2098,1078
4.4.jpg,4000,3000,4,2191,537,2660,1066
4.4.jpg,4000,3000,4,2838,575,3295,1131
4.4.jpg,4000,3000,4,576,1197,951,1578
4.4.jpg,4000,3000,4,1079,1150,1413,1556
4.4.jpg,4000,3000,4,1601,1134,1916,1553
4.4.jpg,4000,3000,4,2091,1169,2401,1600
4.4.jpg,4000,3000,4,2557,1191,2976,1616
4.4.jpg,4000,3000,4,648,1781,1023,2200
4.4.jpg,4000,3000,4,1098,1769,1435,2137
4.4.jpg,4000,3000,4,1582,1728,1895,2081
4.4.jpg,4000,3000,4,1991,1681,2332,2056
4.4.jpg,4000,3000,4,2451,1678,2773,2022
5.1.jpg,4000,3000,5,263,303,713,934
5.1.jpg,4000,3000,5,973,319,1429,906
5.1.jpg,4000,3000,5,1748,278,2079,944
5.1.jpg,4000,3000,5,2407,278,2782,831
5.1.jpg,4000,3000,5,3163,247,3523,769
5.1.jpg,4000,3000,5,438,1034,832,1544
5.1.jpg,4000,3000,5,1138,1000,1476,1569
5.1.jpg,4000,3000,5,1807,1012,2110,1534
5.1.jpg,4000,3000,5,2420,987,2685,1559
5.1.jpg,4000,3000,5,3054,1012,3407,1537
5.1.jpg,4000,3000,5,591,1741,998,2400
5.1.jpg,4000,3000,5,1216,1691,1626,2284
5.1.jpg,4000,3000,5,1773,1703,2229,2234
5.1.jpg,4000,3000,5,2382,1700,2807,2256
5.1.jpg,4000,3000,5,2998,1691,3382,2297
5.2.jpg,4000,3000,5,351,184,879,922
5.2.jpg,4000,3000,5,1101,194,1563,859
5.2.jpg,4000,3000,5,1757,216,2095,844
5.2.jpg,4000,3000,5,2279,225,2545,687
5.2.jpg,4000,3000,5,2748,272,3016,659
5.2.jpg,4000,3000,5,541,1081,963,1584
5.2.jpg,4000,3000,5,1220,925,1595,1516
5.2.jpg,4000,3000,5,1788,894,2085,1422
5.2.jpg,4000,3000,5,2248,872,2488,1362
5.2.jpg,4000,3000,5,2629,847,2901,1284
5.2.jpg,4000,3000,5,685,1850,1095,2450
5.2.jpg,4000,3000,5,1288,1653,1660,2228
5.2.jpg,4000,3000,5,1801,1519,2123,2012
5.2.jpg,4000,3000,5,2220,1469,2507,1931
5.2.jpg,4000,3000,5,2604,1403,2835,1803
5.3.jpg,4000,3000,5,420,400,801,931
5.3.jpg,4000,3000,5,1070,444,1473,972
5.3.jpg,4000,3000,5,1720,450,2088,1003
5.3.jpg,4000,3000,5,2360,466,2682,984
5.3.jpg,4000,3000,5,2891,497,3332,934
5.3.jpg,4000,3000,5,532,1025,935,1462
5.3.jpg,4000,3000,5,1179,1016,1507,1484
5.3.jpg,4000,3000,5,1745,1034,2023,1434
5.3.jpg,4000,3000,5,2245,1034,2495,1475
5.3.jpg,4000,3000,5,2723,1081,3101,1450
5.3.jpg,4000,3000,5,660,1556,1020,1962
5.3.jpg,4000,3000,5,1185,1516,1516,1944
5.3.jpg,4000,3000,5,1673,1509,1985,1912
5.3.jpg,4000,3000,5,2145,1509,2416,1928
5.3.jpg,4000,3000,5,2576,1522,2885,1909
5.4.jpg,4000,3000,5,626,619,938,1072
5.4.jpg,4000,3000,5,1073,594,1401,1078
5.4.jpg,4000,3000,5,1588,556,1988,1116
5.4.jpg,4000,3000,5,2229,550,2573,1003
5.4.jpg,4000,3000,5,2938,481,3360,975
5.4.jpg,4000,3000,5,707,1166,995,1544
5.4.jpg,4000,3000,5,1191,1134,1491,1625
5.4.jpg,4000,3000,5,1704,1191,1991,1634
5.4.jpg,4000,3000,5,2198,1175,2523,1700
5.4.jpg,4000,3000,5,2873,1219,3226,1728
5.4.jpg,4000,3000,5,816,1737,1098,2222
5.4.jpg,4000,3000,5,1226,1737,1532,2219
5.4.jpg,4000,3000,5,1716,1775,2048,2237
5.4.jpg,4000,3000,5,2270,1791,2588,2341
5.4.jpg,4000,3000,5,2816,1847,3213,2478
6.1.jpg,4000,3000,6,441,409,851,1031
6.1.jpg,4000,3000,6,1126,422,1560,1022
6.1.jpg,4000,3000,6,1826,469,2129,1103
6.1.jpg,4000,3000,6,2413,469,2804,1103
6.1.jpg,4000,3000,6,3004,453,3476,1069
6.1.jpg,4000,3000,6,579,1184,973,1762
6.1.jpg,4000,3000,6,1145,1125,1535,1694
6.1.jpg,4000,3000,6,1845,1134,2148,1656
6.1.jpg,4000,3000,6,2326,1156,2695,1709
6.1.jpg,4000,3000,6,2879,1178,3248,1772
6.1.jpg,4000,3000,6,645,1909,1079,2456
6.1.jpg,4000,3000,6,1251,1844,1595,2350
6.1.jpg,4000,3000,6,1804,1766,2101,2259
6.1.jpg,4000,3000,6,2307,1744,2579,2319
6.1.jpg,4000,3000,6,2810,1828,3073,2312
6.2.jpg,4000,3000,6,360,194,851,950
6.2.jpg,4000,3000,6,1129,228,1466,900
6.2.jpg,4000,3000,6,1698,356,2013,912
6.2.jpg,4000,3000,6,2135,337,2432,916
6.2.jpg,4000,3000,6,2529,334,2804,853
6.2.jpg,4000,3000,6,473,1059,873,1694
6.2.jpg,4000,3000,6,1082,969,1460,1544
6.2.jpg,4000,3000,6,1641,937,1970,1487
6.2.jpg,4000,3000,6,2063,944,2348,1428
6.2.jpg,4000,3000,6,2441,944,2663,1428
6.2.jpg,4000,3000,6,604,1844,913,2428
6.2.jpg,4000,3000,6,1116,1684,1407,2222
6.2.jpg,4000,3000,6,1545,1559,1876,2072
6.2.jpg,4000,3000,6,2001,1509,2191,1944
6.2.jpg,4000,3000,6,2329,1487,2554,1912
6.3.jpg,4000,3000,6,632,531,929,1031
6.3.jpg,4000,3000,6,1063,484,1420,966
6.3.jpg,4000,3000,6,1579,459,1888,984
6.3.jpg,4000,3000,6,2107,350,2432,950
6.3.jpg,4000,3000,6,2685,297,3113,859
6.3.jpg,4000,3000,6,763,1116,1029,1578
6.3.jpg,4000,3000,6,1166,1037,1429,1544
6.3.jpg,4000,3000,6,1651,994,1920,1475
6.3.jpg,4000,3000,6,2107,1003,2438,1519
6.3.jpg,4000,3000,6,2651,1019,3001,1603
6.3.jpg,4000,3000,6,835,1684,1141,2144
6.3.jpg,4000,3000,6,1257,1628,1507,2084
6.3.jpg,4000,3000,6,1688,1597,1932,2072
6.3.jpg,4000,3000,6,2113,1616,2410,2087
6.3.jpg,4000,3000,6,2632,1678,3026,2175
6.4.jpg,4000,3000,6,491,294,920,891
6.4.jpg,4000,3000,6,1148,331,1635,894
6.4.jpg,4000,3000,6,1776,425,2201,928
6.4.jpg,4000,3000,6,2345,441,2770,981
6.4.jpg,4000,3000,6,2904,450,3323,944
6.4.jpg,4000,3000,6,607,1000,1007,1469
6.4.jpg,4000,3000,6,1154,944,1548,1472
6.4.jpg,4000,3000,6,1751,962,2110,1431
6.4.jpg,4000,3000,6,2207,1006,2551,1444
6.4.jpg,4000,3000,6,2701,1041,3082,1487
6.4.jpg,4000,3000,6,763,1559,1016,1991
6.4.jpg,4000,3000,6,1207,1528,1491,1887
6.4.jpg,4000,3000,6,1710,1497,1945,1859
6.4.jpg,4000,3000,6,2091,1516,2429,1872
6.4.jpg,4000,3000,6,2501,1541,2801,1887
7.1.jpg,4000,3000,7,282,272,854,837
7.1.jpg,4000,3000,7,938,284,1429,781
7.1.jpg,4000,3000,7,1570,291,2098,822
7.1.jpg,4000,3000,7,2198,262,2745,787
7.1.jpg,4000,3000,7,3035,284,3504,806
7.1.jpg,4000,3000,7,363,1025,729,1722
7.1.jpg,4000,3000,7,954,1037,1438,1625
7.1.jpg,4000,3000,7,1523,1081,2020,1725
7.1.jpg,4000,3000,7,2123,1141,2663,1703
7.1.jpg,4000,3000,7,2891,1197,3441,1666
7.1.jpg,4000,3000,7,457,1834,748,2444
7.1.jpg,4000,3000,7,1048,1891,1429,2469
7.1.jpg,4000,3000,7,1591,1912,1910,2531
7.1.jpg,4000,3000,7,2157,1947,2548,2537
7.1.jpg,4000,3000,7,2885,1916,3382,2497
7.2.jpg,4000,3000,7,360,184,963,853
7.2.jpg,4000,3000,7,1126,225,1626,797
7.2.jpg,4000,3000,7,1735,256,2201,828
7.2.jpg,4000,3000,7,2248,275,2620,709
7.2.jpg,4000,3000,7,2735,303,3110,722
7.2.jpg,4000,3000,7,523,1103,966,1925
7.2.jpg,4000,3000,7,1223,1056,1635,1675
7.2.jpg,4000,3000,7,1732,1059,2116,1672
7.2.jpg,4000,3000,7,2185,1031,2598,1587
7.2.jpg,4000,3000,7,2651,987,2966,1403
7.2.jpg,4000,3000,7,679,1984,1057,2650
7.2.jpg,4000,3000,7,1348,1922,1654,2469
7.2.jpg,4000,3000,7,1760,1878,2066,2403
7.2.jpg,4000,3000,7,2176,1762,2520,2272
7.2.jpg,4000,3000,7,2613,1647,2898,2056
7.3.jpg,4000,3000,7,660,509,957,972
7.3.jpg,4000,3000,7,1073,531,1404,897
7.3.jpg,4000,3000,7,1513,481,1913,941
7.3.jpg,4000,3000,7,2007,441,2482,884
7.3.jpg,4000,3000,7,2666,431,3157,909
7.3.jpg,4000,3000,7,701,1056,929,1600
7.3.jpg,4000,3000,7,1095,1106,1451,1597
7.3.jpg,4000,3000,7,1516,1137,1863,1637
7.3.jpg,4000,3000,7,1951,1147,2382,1619
7.3.jpg,4000,3000,7,2616,1209,3076,1666
7.3.jpg,4000,3000,7,766,1644,991,2122
7.3.jpg,4000,3000,7,1132,1703,1416,2244
7.3.jpg,4000,3000,7,1520,1816,1820,2312
7.3.jpg,4000,3000,7,1976,1862,2338,2331
7.3.jpg,4000,3000,7,2579,1909,3007,2362
7.4.jpg,4000,3000,7,388,425,957,994
7.4.jpg,4000,3000,7,1066,472,1616,959
7.4.jpg,4000,3000,7,1729,487,2223,1075
7.4.jpg,4000,3000,7,2295,459,2801,937
7.4.jpg,4000,3000,7,3013,519,3420,1009
7.4.jpg,4000,3000,7,498,1097,926,1612
7.4.jpg,4000,3000,7,1157,1116,1566,1606
7.4.jpg,4000,3000,7,1663,1169,2045,1641
7.4.jpg,4000,3000,7,2148,1209,2548,1603
7.4.jpg,4000,3000,7,2757,1222,3166,1587
7.4.jpg,4000,3000,7,710,1691,982,2091
7.4.jpg,4000,3000,7,1185,1722,1510,2094
7.4.jpg,4000,3000,7,1598,1731,1870,2125
7.4.jpg,4000,3000,7,2004,1750,2379,2100
7.4.jpg,4000,3000,7,2585,1725,2920,2044
8.1.jpg,4000,3000,8,485,378,976,959
8.1.jpg,4000,3000,8,1204,500,1541,1009
8.1.jpg,4000,3000,8,1716,419,2188,984
8.1.jpg,4000,3000,8,2335,462,2748,997
8.1.jpg,4000,3000,8,2995,506,3345,1003
8.1.jpg,4000,3000,8,670,1172,1013,1678
8.1.jpg,4000,3000,8,1223,1187,1529,1666
8.1.jpg,4000,3000,8,1754,1175,2076,1650
8.1.jpg,4000,3000,8,2235,1169,2532,1662
8.1.jpg,4000,3000,8,2829,1200,3210,1700
8.1.jpg,4000,3000,8,732,1991,1035,2444
8.1.jpg,4000,3000,8,1232,1975,1548,2366
8.1.jpg,4000,3000,8,1716,1828,2045,2319
8.1.jpg,4000,3000,8,2191,1844,2560,2297
8.1.jpg,4000,3000,8,2723,1816,3135,2300
8.2.jpg,4000,3000,8,676,537,1129,1197
8.2.jpg,4000,3000,8,1360,587,1766,1131
8.2.jpg,4000,3000,8,1841,531,2170,1072
8.2.jpg,4000,3000,8,2307,528,2601,956
8.2.jpg,4000,3000,8,2666,528,3007,959
8.2.jpg,4000,3000,8,848,1381,1132,1912
8.2.jpg,4000,3000,8,1376,1262,1660,1837
8.2.jpg,4000,3000,8,1851,1216,2113,1681
8.2.jpg,4000,3000,8,2210,1150,2454,1606
8.2.jpg,4000,3000,8,2626,1159,2885,1534
8.2.jpg,4000,3000,8,932,2300,1238,2716
8.2.jpg,4000,3000,8,1429,2056,1679,2559
8.2.jpg,4000,3000,8,1863,1828,2126,2325
8.2.jpg,4000,3000,8,2232,1734,2470,2191
8.2.jpg,4000,3000,8,2582,1644,2820,2047
8.3.jpg,4000,3000,8,645,662,988,1178
8.3.jpg,4000,3000,8,1120,694,1348,1122
8.3.jpg,4000,3000,8,1516,622,1845,1084
8.3.jpg,4000,3000,8,2063,616,2398,1103
8.3.jpg,4000,3000,8,2638,594,3032,1037
8.3.jpg,4000,3000,8,795,1275,1051,1675
8.3.jpg,4000,3000,8,1195,1275,1429,1656
8.3.jpg,4000,3000,8,1582,1244,1873,1666
8.3.jpg,4000,3000,8,2007,1259,2320,1697
8.3.jpg,4000,3000,8,2604,1300,2966,1737
8.3.jpg,4000,3000,8,895,1919,1188,2309
8.3.jpg,4000,3000,8,1266,1922,1470,2269
8.3.jpg,4000,3000,8,1648,1828,1898,2259
8.3.jpg,4000,3000,8,2076,1850,2348,2319
8.3.jpg,4000,3000,8,2591,1859,2970,2312
8.4.jpg,4000,3000,8,332,597,751,1094
8.4.jpg,4000,3000,8,970,694,1320,1100
8.4.jpg,4000,3000,8,1504,659,1901,1097
8.4.jpg,4000,3000,8,2095,691,2479,1128
8.4.jpg,4000,3000,8,2695,744,3135,1141
8.4.jpg,4000,3000,8,488,1250,841,1662
8.4.jpg,4000,3000,8,1001,1259,1320,1637
8.4.jpg,4000,3000,8,1513,1228,1804,1622
8.4.jpg,4000,3000,8,1935,1228,2270,1625
8.4.jpg,4000,3000,8,2435,1284,2826,1606
8.4.jpg,4000,3000,8,660,1853,923,2200
8.4.jpg,4000,3000,8,1079,1816,1307,2137
8.4.jpg,4000,3000,8,1520,1741,1773,2072
8.4.jpg,4000,3000,8,1907,1719,2238,2091
8.4.jpg,4000,3000,8,2332,1700,2670,2031
9.1.jpg,4000,3000,9,301,275,741,966
9.1.jpg,4000,3000,9,1013,312,1573,834
9.1.jpg,4000,3000,9,1729,275,2141,819
9.1.jpg,4000,3000,9,2323,250,2776,831
9.1.jpg,4000,3000,9,3104,234,3495,869
9.1.jpg,4000,3000,9,495,1203,938,1694
9.1.jpg,4000,3000,9,1207,1125,1541,1609
9.1.jpg,4000,3000,9,1720,1069,2107,1741
9.1.jpg,4000,3000,9,2273,1022,2741,1687
9.1.jpg,4000,3000,9,2982,1009,3407,1666
9.1.jpg,4000,3000,9,529,1881,1023,2559
9.1.jpg,4000,3000,9,1248,1850,1623,2469
9.1.jpg,4000,3000,9,1726,1862,2066,2416
9.1.jpg,4000,3000,9,2163,1819,2641,2453
9.1.jpg,4000,3000,9,2863,1834,3257,2425
9.2.jpg,4000,3000,9,226,287,754,1044
9.2.jpg,4000,3000,9,1054,375,1545,994
9.2.jpg,4000,3000,9,1688,412,2041,959
9.2.jpg,4000,3000,9,2145,422,2560,969
9.2.jpg,4000,3000,9,2666,462,3016,981
9.2.jpg,4000,3000,9,388,1272,876,1984
9.2.jpg,4000,3000,9,1157,1219,1504,1772
9.2.jpg,4000,3000,9,1604,1203,1982,1775
9.2.jpg,4000,3000,9,2126,1153,2516,1653
9.2.jpg,4000,3000,9,2607,1137,2841,1581
9.2.jpg,4000,3000,9,466,2150,851,2816
9.2.jpg,4000,3000,9,1191,1978,1548,2569
9.2.jpg,4000,3000,9,1660,1931,1935,2466
9.2.jpg,4000,3000,9,2032,1881,2273,2375
9.2.jpg,4000,3000,9,2454,1775,2760,2262
9.3.jpg,4000,3000,9,651,534,1023,1062
9.3.jpg,4000,3000,9,1191,503,1548,962
9.3.jpg,4000,3000,9,1657,444,2023,925
9.3.jpg,4000,3000,9,2229,372,2654,875
9.3.jpg,4000,3000,9,2966,309,3348,919
9.3.jpg,4000,3000,9,785,1191,1166,1700
9.3.jpg,4000,3000,9,1285,1137,1626,1619
9.3.jpg,4000,3000,9,1716,1169,2082,1666
9.3.jpg,4000,3000,9,2248,1097,2613,1662
9.3.jpg,4000,3000,9,2920,1056,3301,1672
9.3.jpg,4000,3000,9,907,1812,1216,2291
9.3.jpg,4000,3000,9,1391,1778,1688,2256
9.3.jpg,4000,3000,9,1785,1762,2085,2309
9.3.jpg,4000,3000,9,2213,1881,2576,2384
9.3.jpg,4000,3000,9,2845,1878,3276,2447
9.4.jpg,4000,3000,9,413,459,891,1028
9.4.jpg,4000,3000,9,1185,450,1573,1009
9.4.jpg,4000,3000,9,1813,447,2207,987
9.4.jpg,4000,3000,9,2379,456,2751,978
9.4.jpg,4000,3000,9,2948,484,3395,981
9.4.jpg,4000,3000,9,576,1219,1007,1650
9.4.jpg,4000,3000,9,1229,1119,1573,1578
9.4.jpg,4000,3000,9,1657,1119,2048,1631
9.4.jpg,4000,3000,9,2213,1084,2538,1597
9.4.jpg,4000,3000,9,2732,1044,3135,1575
9.4.jpg,4000,3000,9,729,1778,1126,2219
9.4.jpg,4000,3000,9,1304,1728,1576,2112
9.4.jpg,4000,3000,9,1701,1712,2001,2087
9.4.jpg,4000,3000,9,2060,1719,2373,2069
9.4.jpg,4000,3000,9,2545,1675,2901,2091
=.1.jpg,4000,3000,=,404,522,988,869
=.1.jpg,4000,3000,=,1104,525,1663,737
=.1.jpg,4000,3000,=,1723,516,2320,719
=.1.jpg,4000,3000,=,2407,494,2854,734
=.1.jpg,4000,3000,=,2973,444,3407,653
=.1.jpg,4000,3000,=,616,1337,1145,1634
=.1.jpg,4000,3000,=,1207,1356,1738,1597
=.1.jpg,4000,3000,=,1776,1303,2366,1544
=.1.jpg,4000,3000,=,2391,1281,2779,1491
=.1.jpg,4000,3000,=,2845,1241,3298,1494
=.1.jpg,4000,3000,=,757,2050,1191,2331
=.1.jpg,4000,3000,=,1257,2009,1804,2325
=.1.jpg,4000,3000,=,1851,1966,2335,2278
=.1.jpg,4000,3000,=,2376,1966,2785,2162
=.1.jpg,4000,3000,=,2813,1897,3279,2134
=.2.jpg,4000,3000,=,376,241,1120,672
=.2.jpg,4000,3000,=,1251,269,1860,616
=.2.jpg,4000,3000,=,1923,297,2507,584
=.2.jpg,4000,3000,=,2570,319,2910,594
=.2.jpg,4000,3000,=,2963,350,3288,575
=.2.jpg,4000,3000,=,632,1266,1260,1628
=.2.jpg,4000,3000,=,1360,1256,1901,1528
=.2.jpg,4000,3000,=,1932,1181,2466,1444
=.2.jpg,4000,3000,=,2491,1153,2826,1362
=.2.jpg,4000,3000,=,2870,1078,3195,1325
=.2.jpg,4000,3000,=,745,2191,1313,2534
=.2.jpg,4000,3000,=,1382,2000,1963,2350
=.2.jpg,4000,3000,=,1991,1947,2432,2200
=.2.jpg,4000,3000,=,2466,1859,2810,2116
=.2.jpg,4000,3000,=,2823,1700,3138,1975
=.3.jpg,4000,3000,=,476,578,901,872
=.3.jpg,4000,3000,=,954,597,1420,841
=.3.jpg,4000,3000,=,1454,547,1963,844
=.3.jpg,4000,3000,=,2026,550,2470,816
=.3.jpg,4000,3000,=,2563,534,3085,803
=.3.jpg,4000,3000,=,585,1216,1013,1525
=.3.jpg,4000,3000,=,1051,1237,1441,1525
=.3.jpg,4000,3000,=,1473,1262,1991,1578
=.3.jpg,4000,3000,=,2013,1275,2401,1537
=.3.jpg,4000,3000,=,2460,1300,2966,1578
=.3.jpg,4000,3000,=,657,1847,1013,2125
=.3.jpg,4000,3000,=,1054,1875,1495,2134
=.3.jpg,4000,3000,=,1523,1891,1960,2250
=.3.jpg,4000,3000,=,1982,1962,2404,2250
=.3.jpg,4000,3000,=,2429,1975,2910,2291
=.4.jpg,4000,3000,=,410,666,1063,975
=.4.jpg,4000,3000,=,1132,656,1751,950
=.4.jpg,4000,3000,=,1835,669,2491,916
=.4.jpg,4000,3000,=,2529,712,3004,947
=.4.jpg,4000,3000,=,3123,697,3545,925
=.4.jpg,4000,3000,=,604,1425,1229,1719
=.4.jpg,4000,3000,=,1273,1412,1788,1722
=.4.jpg,4000,3000,=,1829,1444,2382,1662
=.4.jpg,4000,3000,=,2429,1447,2791,1625
=.4.jpg,4000,3000,=,2860,1450,3323,1600
=.4.jpg,4000,3000,=,760,2034,1207,2287
=.4.jpg,4000,3000,=,1263,2000,1782,2234
=.4.jpg,4000,3000,=,1810,2003,2276,2247
=.4.jpg,4000,3000,=,2307,2003,2701,2225
=.4.jpg,4000,3000,=,2732,1953,3151,2169
add1.1.jpg,4000,3000,+,226,259,941,953
add1.1.jpg,4000,3000,-,1066,556,1576,797
add1.1.jpg,4000,3000,/,1701,425,2310,966
add1.1.jpg,4000,3000,x,2404,431,2970,1069
add1.1.jpg,4000,3000,(,426,997,810,1766
add1.1.jpg,4000,3000,),1135,928,1579,1775
add1.1.jpg,4000,3000,=,1832,1178,2413,1631
add1.1.jpg,4000,3000,<,395,1925,1051,2603
add1.1.jpg,4000,3000,>,1191,1900,1673,2562
add1.1.jpg,4000,3000,n,2535,1159,3051,1787
add1.2.jpg,4000,3000,9,357,275,804,1009
add1.2.jpg,4000,3000,8,1070,356,1482,1025
add1.2.jpg,4000,3000,7,1729,400,2160,1022
add1.2.jpg,4000,3000,6,2298,344,2745,1059
add1.2.jpg,4000,3000,5,2895,369,3398,1084
add1.2.jpg,4000,3000,4,407,1319,898,1891
add1.2.jpg,4000,3000,3,1051,1241,1516,1962
add1.2.jpg,4000,3000,2,1691,1231,2260,1844
add1.2.jpg,4000,3000,1,2316,1253,2848,1862
add1.2.jpg,4000,3000,1,2910,1231,3570,1841
add1.2.jpg,4000,3000,1,432,2047,998,2700
add1.2.jpg,4000,3000,1,1057,2019,1557,2650
add1.2.jpg,4000,3000,1,1682,1966,2248,2625
add1.2.jpg,4000,3000,1,2298,1984,2785,2559
add1.2.jpg,4000,3000,1,2954,1881,3529,2522
add1.3.jpg,4000,3000,2,98,294,813,1019
add1.3.jpg,4000,3000,+,866,309,1279,822
add1.3.jpg,4000,3000,7,1463,319,2098,856
add1.3.jpg,4000,3000,x,2204,375,2816,912
add1.3.jpg,4000,3000,=,2920,437,3507,856
add1.3.jpg,4000,3000,7,123,1112,707,1944
add1.3.jpg,4000,3000,/,751,1116,1538,1800
add1.3.jpg,4000,3000,3,1588,1166,2091,1819
add1.3.jpg,4000,3000,=,2179,1228,2848,1650
add1.3.jpg,4000,3000,8,188,2084,685,2731
add1.3.jpg,4000,3000,-,810,2209,1404,2559
add1.3.jpg,4000,3000,1,1501,1922,2013,2509
add1.3.jpg,4000,3000,=,2079,2003,2507,2378
add1.3.jpg,4000,3000,7,2720,1859,3288,2453
add1.4.jpg,4000,3000,5,201,128,695,900
add1.4.jpg,4000,3000,-,801,328,1376,650
add1.4.jpg,4000,3000,4,1501,119,1976,759
add1.4.jpg,4000,3000,>,2091,128,2663,731
add1.4.jpg,4000,3000,0,2813,212,3341,684
add1.4.jpg,4000,3000,0,204,953,720,1356
add1.4.jpg,4000,3000,x,835,900,1279,1262
add1.4.jpg,4000,3000,1,1360,828,1854,1219
add1.4.jpg,4000,3000,<,1995,781,2498,1234
add1.4.jpg,4000,3000,5,2698,741,3129,1253
add1.4.jpg,4000,3000,9,207,1441,651,2087
add1.4.jpg,4000,3000,-,732,1644,1082,1819
add1.4.jpg,4000,3000,2,1226,1394,1741,1959
add1.4.jpg,4000,3000,=,1860,1437,2254,1753
add1.4.jpg,4000,3000,7,2470,1341,3038,1931
add1.4.jpg,4000,3000,2,138,2169,698,2766
add1.4.jpg,4000,3000,+,760,2134,1032,2481
add1.4.jpg,4000,3000,5,1216,2009,1526,2494
add1.4.jpg,4000,3000,>,1754,1950,2173,2456
add1.4.jpg,4000,3000,1,2270,1947,2816,2481
add2.1.jpg,4000,3000,n,204,294,738,894
add2.1.jpg,4000,3000,(,932,300,1320,912
add2.1.jpg,4000,3000,),1607,250,1991,850
add2.1.jpg,4000,3000,<,2260,331,2766,747
add2.1.jpg,4000,3000,>,2941,319,3426,753
add2.1.jpg,4000,3000,=,198,978,651,1378
add2.1.jpg,4000,3000,x,920,984,1282,1344
add2.1.jpg,4000,3000,/,1526,972,1973,1334
add2.1.jpg,4000,3000,-,2185,1022,2770,1197
add2.1.jpg,4000,3000,+,2898,884,3451,1387
add2.1.jpg,4000,3000,9,166,1434,598,1997
add2.1.jpg,4000,3000,8,863,1466,1279,1912
add2.1.jpg,4000,3000,7,1516,1412,1998,1881
add2.1.jpg,4000,3000,6,2163,1353,2620,1931
add2.1.jpg,4000,3000,5,2885,1431,3473,2006
add2.1.jpg,4000,3000,4,145,2147,529,2791
add2.1.jpg,4000,3000,3,829,2031,1351,2781
add2.1.jpg,4000,3000,2,1479,1947,1957,2556
add2.1.jpg,4000,3000,1,2057,1969,2563,2556
add2.1.jpg,4000,3000,0,2785,2031,3329,2556
add2.10.jpg,4000,3000,6,326,300,826,1122
add2.10.jpg,4000,3000,+,866,369,1423,950
add2.10.jpg,4000,3000,7,1560,359,2029,947
add2.10.jpg,4000,3000,-,2104,481,2532,697
add2.10.jpg,4000,3000,1,2535,344,3182,900
add2.10.jpg,4000,3000,8,229,1244,673,1856
add2.10.jpg,4000,3000,x,835,1206,1316,1675
add2.10.jpg,4000,3000,9,1470,1050,1941,1553
add2.10.jpg,4000,3000,/,2045,1078,2570,1512
add2.10.jpg,4000,3000,2,2582,991,3195,1619
add2.10.jpg,4000,3000,1,20,2078,704,2928
add2.10.jpg,4000,3000,+,854,1878,1320,2544
add2.10.jpg,4000,3000,2,1435,1766,2060,2444
add2.10.jpg,4000,3000,-,2145,1866,2670,2172
add2.10.jpg,4000,3000,3,2704,1731,3260,2500
add2.11.jpg,4000,3000,0,185,400,798,931
add2.11.jpg,4000,3000,x,938,447,1495,944
add2.11.jpg,4000,3000,5,1657,406,2104,919
add2.11.jpg,4000,3000,=,2241,453,2635,847
add2.11.jpg,4000,3000,0,2645,428,3157,837
add2.11.jpg,4000,3000,1,82,1084,751,1737
add2.11.jpg,4000,3000,x,941,1112,1426,1569
add2.11.jpg,4000,3000,0,1610,1006,2145,1541
add2.11.jpg,4000,3000,=,2260,1081,2704,1422
add2.11.jpg,4000,3000,0,2723,1053,3229,1462
add2.11.jpg,4000,3000,3,54,1850,673,2675
add2.11.jpg,4000,3000,x,885,1841,1345,2269
add2.11.jpg,4000,3000,0,1495,1694,2085,2209
add2.11.jpg,4000,3000,=,2257,1744,2716,2087
add2.11.jpg,4000,3000,0,2738,1659,3279,2100
add2.12.jpg,4000,3000,0,132,262,776,819
add2.12.jpg,4000,3000,x,957,300,1548,762
add2.12.jpg,4000,3000,7,1666,266,2066,778
add2.12.jpg,4000,3000,=,2304,319,2698,587
add2.12.jpg,4000,3000,0,2729,287,3276,625
add2.12.jpg,4000,3000,9,123,941,645,1534
add2.12.jpg,4000,3000,x,923,956,1451,1431
add2.12.jpg,4000,3000,0,1616,891,2141,1362
add2.12.jpg,4000,3000,=,2279,906,2788,1269
add2.12.jpg,4000,3000,0,2848,919,3341,1306
add2.12.jpg,4000,3000,8,51,1709,588,2416
add2.12.jpg,4000,3000,x,848,1678,1370,2187
add2.12.jpg,4000,3000,0,1573,1534,2123,2153
add2.12.jpg,4000,3000,=,2360,1606,2801,1947
add2.12.jpg,4000,3000,0,2870,1487,3470,2134
add2.13.jpg,4000,3000,+,29,206,648,797
add2.13.jpg,4000,3000,-,691,409,1138,587
add2.13.jpg,4000,3000,x,1154,231,1701,737
add2.13.jpg,4000,3000,/,1757,262,2338,747
add2.13.jpg,4000,3000,(,2391,203,2682,809
add2.13.jpg,4000,3000,),2891,191,3232,750
add2.13.jpg,4000,3000,<,73,831,535,1403
add2.13.jpg,4000,3000,>,716,791,1173,1397
add2.13.jpg,4000,3000,=,1226,937,1720,1309
add2.13.jpg,4000,3000,^,1813,819,2185,1322
add2.13.jpg,4000,3000,N,2307,841,2685,1206
add2.13.jpg,4000,3000,0,2745,825,3285,1212
add2.13.jpg,4000,3000,1,48,1509,620,2084
add2.13.jpg,4000,3000,2,698,1481,1166,1859
add2.13.jpg,4000,3000,3,1235,1328,1704,1897
add2.13.jpg,4000,3000,4,1738,1334,2135,1784
add2.13.jpg,4000,3000,5,2251,1266,2638,1800
add2.13.jpg,4000,3000,6,2707,1247,3113,1806
add2.13.jpg,4000,3000,7,26,2156,516,2850
add2.13.jpg,4000,3000,8,648,2084,1082,2659
add2.13.jpg,4000,3000,9,1248,1928,1629,2609
add2.13.jpg,4000,3000,sqrt,1748,1847,2613,2528
add2.14.jpg,4000,3000,1,13,172,563,928
add2.14.jpg,4000,3000,2,691,231,1241,809
add2.14.jpg,4000,3000,3,1298,203,1770,862
add2.14.jpg,4000,3000,4,1895,209,2451,803
add2.14.jpg,4000,3000,5,2588,194,3129,803
add2.14.jpg,4000,3000,6,41,962,516,1634
add2.14.jpg,4000,3000,7,698,984,1188,1581
add2.14.jpg,4000,3000,8,1245,916,1795,1534
add2.14.jpg,4000,3000,9,1848,937,2382,1531
add2.14.jpg,4000,3000,0,2485,903,3073,1453
add2.14.jpg,4000,3000,+,1,1769,585,2533
add2.14.jpg,4000,3000,-,648,1934,1123,2159
add2.14.jpg,4000,3000,x,1151,1656,1751,2250
add2.14.jpg,4000,3000,/,1863,1659,2291,2116
add2.14.jpg,4000,3000,=,2454,1659,2970,2041
add2.15.jpg,4000,3000,+,123,72,826,825
add2.15.jpg,4000,3000,-,1073,297,1601,566
add2.15.jpg,4000,3000,x,1735,194,2298,759
add2.15.jpg,4000,3000,/,2538,272,3226,737
add2.15.jpg,4000,3000,=,163,1028,679,1397
add2.15.jpg,4000,3000,<,973,844,1498,1419
add2.15.jpg,4000,3000,>,1726,812,2148,1319
add2.15.jpg,4000,3000,0,2448,822,3076,1362
add2.15.jpg,4000,3000,0,82,1494,563,2169
add2.15.jpg,4000,3000,8,923,1516,1332,2069
add2.15.jpg,4000,3000,7,1673,1453,2126,1966
add2.15.jpg,4000,3000,6,2398,1422,2895,1931
add2.15.jpg,4000,3000,1,135,2216,616,2837
add2.15.jpg,4000,3000,2,832,2106,1351,2753
add2.15.jpg,4000,3000,3,1588,2000,2098,2662
add2.15.jpg,4000,3000,4,2273,1972,2754,2603
add2.16.jpg,4000,3000,3,154,119,907,1003
add2.16.jpg,4000,3000,x,1007,216,1548,912
add2.16.jpg,4000,3000,3,1610,103,2223,891
add2.16.jpg,4000,3000,=,2288,203,2735,687
add2.16.jpg,4000,3000,9,2816,147,3360,847
add2.16.jpg,4000,3000,4,163,1031,873,1716
add2.16.jpg,4000,3000,x,1004,1037,1516,1556
add2.16.jpg,4000,3000,4,1548,950,2085,1547
add2.16.jpg,4000,3000,=,2163,1041,2607,1369
add2.16.jpg,4000,3000,1,2629,887,3057,1466
add2.16.jpg,4000,3000,6,3082,891,3491,1478
add2.16.jpg,4000,3000,5,51,1800,757,2719
add2.16.jpg,4000,3000,x,963,1803,1432,2337
add2.16.jpg,4000,3000,5,1498,1656,1941,2375
add2.16.jpg,4000,3000,=,2038,1837,2457,2172
add2.16.jpg,4000,3000,2,2479,1709,2888,2300
add2.16.jpg,4000,3000,5,2910,1700,3257,2300
add2.17.jpg,4000,3000,1,254,56,810,753
add2.17.jpg,4000,3000,+,901,181,1288,616
add2.17.jpg,4000,3000,1,1357,47,1870,691
add2.17.jpg,4000,3000,=,2026,169,2413,584
add2.17.jpg,4000,3000,2,2479,91,3198,584
add2.17.jpg,4000,3000,2,223,875,735,1406
add2.17.jpg,4000,3000,+,879,859,1245,1303
add2.17.jpg,4000,3000,2,1310,794,1757,1272
add2.17.jpg,4000,3000,=,1888,866,2316,1197
add2.17.jpg,4000,3000,4,2351,684,2945,1150
add2.17.jpg,4000,3000,3,229,1444,673,1978
add2.17.jpg,4000,3000,+,835,1391,1238,1837
add2.17.jpg,4000,3000,3,1298,1337,1766,1884
add2.17.jpg,4000,3000,=,1963,1378,2298,1737
add2.17.jpg,4000,3000,6,2354,1228,2816,1756
add2.17.jpg,4000,3000,4,188,2047,666,2678
add2.17.jpg,4000,3000,+,757,2025,1116,2525
add2.17.jpg,4000,3000,4,1176,1925,1620,2456
add2.17.jpg,4000,3000,=,1723,2019,2073,2272
add2.17.jpg,4000,3000,8,2170,1856,2638,2409
add2.18.jpg,4000,3000,5,163,69,679,787
add2.18.jpg,4000,3000,+,729,116,1179,634
add2.18.jpg,4000,3000,5,1260,44,1732,634
add2.18.jpg,4000,3000,=,1876,128,2310,484
add2.18.jpg,4000,3000,1,2335,69,2832,528
add2.18.jpg,4000,3000,0,2854,87,3226,581
add2.18.jpg,4000,3000,6,145,803,579,1428
add2.18.jpg,4000,3000,+,682,781,1126,1353
add2.18.jpg,4000,3000,6,1210,737,1635,1322
add2.18.jpg,4000,3000,=,1748,791,2251,1166
add2.18.jpg,4000,3000,1,2266,716,2826,1250
add2.18.jpg,4000,3000,2,2848,741,3260,1253
add2.18.jpg,4000,3000,7,113,1481,570,2016
add2.18.jpg,4000,3000,+,651,1453,1095,1912
add2.18.jpg,4000,3000,7,1173,1391,1557,1897
add2.18.jpg,4000,3000,=,1691,1450,2213,1762
add2.18.jpg,4000,3000,1,2254,1319,2748,1847
add2.18.jpg,4000,3000,4,2791,1312,3232,1762
add2.18.jpg,4000,3000,8,173,2175,485,2672
add2.18.jpg,4000,3000,+,685,2037,1091,2559
add2.18.jpg,4000,3000,8,1185,1962,1560,2478
add2.18.jpg,4000,3000,=,1713,2041,2160,2378
add2.18.jpg,4000,3000,1,2251,1941,2713,2428
add2.18.jpg,4000,3000,6,2720,1925,3060,2391
add2.19.jpg,4000,3000,9,85,100,588,844
add2.19.jpg,4000,3000,+,645,203,1038,694
add2.19.jpg,4000,3000,9,1048,134,1504,756
add2.19.jpg,4000,3000,=,1523,297,2001,544
add2.19.jpg,4000,3000,1,2045,125,2573,703
add2.19.jpg,4000,3000,8,2601,122,2985,684
add2.19.jpg,4000,3000,0,110,978,507,1472
add2.19.jpg,4000,3000,+,598,872,1007,1397
add2.19.jpg,4000,3000,0,1041,856,1420,1362
add2.19.jpg,4000,3000,=,1520,928,1851,1212
add2.19.jpg,4000,3000,0,1870,837,2429,1219
add2.19.jpg,4000,3000,1,91,1512,529,1959
add2.19.jpg,4000,3000,x,682,1437,991,1875
add2.19.jpg,4000,3000,1,1104,1381,1588,1803
add2.19.jpg,4000,3000,=,1635,1428,1913,1737
add2.19.jpg,4000,3000,1,1979,1341,2526,1756
add2.19.jpg,4000,3000,0,91,2053,526,2572
add2.19.jpg,4000,3000,x,695,2009,1023,2394
add2.19.jpg,4000,3000,0,1154,1953,1535,2387
add2.19.jpg,4000,3000,=,1620,1934,1901,2200
add2.19.jpg,4000,3000,0,1938,1809,2407,2287
add2.2.jpg,4000,3000,(,307,219,626,1272
add2.2.jpg,4000,3000,2,638,481,1126,1028
add2.2.jpg,4000,3000,+,1245,459,1701,975
add2.2.jpg,4000,3000,3,1735,450,2204,1053
add2.2.jpg,4000,3000,),2241,241,2526,1106
add2.2.jpg,4000,3000,=,2582,522,3132,869
add2.2.jpg,4000,3000,1,295,1353,707,1972
add2.2.jpg,4000,3000,/,782,1331,1329,1762
add2.2.jpg,4000,3000,1,1470,1269,1870,1859
add2.2.jpg,4000,3000,<,2001,1284,2395,1747
add2.2.jpg,4000,3000,9,2526,1241,2963,1812
add2.2.jpg,4000,3000,1,216,2103,645,2744
add2.2.jpg,4000,3000,^,776,1972,1088,2291
add2.2.jpg,4000,3000,7,1257,2006,1685,2581
add2.2.jpg,4000,3000,=,1904,2003,2348,2359
add2.2.jpg,4000,3000,1,2420,1831,2891,2469
add2.20.jpg,4000,3000,2,120,284,610,769
add2.20.jpg,4000,3000,x,682,253,1107,734
add2.20.jpg,4000,3000,2,1160,253,1698,697
add2.20.jpg,4000,3000,=,1729,306,2095,537
add2.20.jpg,4000,3000,4,2195,194,2691,650
add2.20.jpg,4000,3000,3,141,853,620,1472
add2.20.jpg,4000,3000,x,723,797,1110,1316
add2.20.jpg,4000,3000,3,1226,794,1704,1328
add2.20.jpg,4000,3000,=,1748,881,2138,1122
add2.20.jpg,4000,3000,9,2238,737,2654,1294
add2.20.jpg,4000,3000,4,107,1528,548,2106
add2.20.jpg,4000,3000,x,729,1559,1057,1972
add2.20.jpg,4000,3000,4,1170,1475,1629,1884
add2.20.jpg,4000,3000,=,1682,1522,2010,1775
add2.20.jpg,4000,3000,1,2054,1378,2435,1900
add2.20.jpg,4000,3000,6,2451,1378,2885,1884
add2.20.jpg,4000,3000,5,95,2141,529,2797
add2.20.jpg,4000,3000,x,657,2125,1048,2534
add2.20.jpg,4000,3000,5,1148,2053,1513,2584
add2.20.jpg,4000,3000,=,1579,2125,1885,2344
add2.20.jpg,4000,3000,2,1963,1972,2310,2522
add2.20.jpg,4000,3000,5,2357,1994,2810,2516
add2.21.jpg,4000,3000,6,132,300,526,819
add2.21.jpg,4000,3000,x,585,344,966,744
add2.21.jpg,4000,3000,6,1029,237,1388,734
add2.21.jpg,4000,3000,=,1423,356,1860,591
add2.21.jpg,4000,3000,3,1857,291,2301,747
add2.21.jpg,4000,3000,6,2298,219,2729,750
add2.21.jpg,4000,3000,7,54,856,479,1416
add2.21.jpg,4000,3000,x,563,881,888,1231
add2.21.jpg,4000,3000,7,951,822,1370,1337
add2.21.jpg,4000,3000,=,1391,909,1848,1147
add2.21.jpg,4000,3000,4,1851,775,2179,1272
add2.21.jpg,4000,3000,9,2223,806,2688,1291
add2.21.jpg,4000,3000,8,88,1562,420,2122
add2.21.jpg,4000,3000,x,548,1497,926,1941
add2.21.jpg,4000,3000,8,954,1534,1263,1956
add2.21.jpg,4000,3000,=,1341,1553,1748,1847
add2.21.jpg,4000,3000,6,1807,1353,2129,1881
add2.21.jpg,4000,3000,4,2141,1397,2551,1828
add2.21.jpg,4000,3000,9,1,2144,351,2771
add2.21.jpg,4000,3000,x,501,2116,848,2506
add2.21.jpg,4000,3000,9,916,1987,1245,2519
add2.21.jpg,4000,3000,=,1323,2047,1613,2262
add2.21.jpg,4000,3000,7,1695,1934,2004,2431
add2.21.jpg,4000,3000,2,2026,1928,2488,2372
add2.22.jpg,4000,3000,0,216,169,738,716
add2.22.jpg,4000,3000,/,901,222,1485,691
add2.22.jpg,4000,3000,0,1570,203,2048,647
add2.22.jpg,4000,3000,=,2188,297,2654,544
add2.22.jpg,4000,3000,0,2720,159,3279,575
add2.22.jpg,4000,3000,1,157,794,766,1431
add2.22.jpg,4000,3000,/,876,816,1498,1272
add2.22.jpg,4000,3000,1,1560,772,2079,1334
add2.22.jpg,4000,3000,=,2151,859,2560,1206
add2.22.jpg,4000,3000,1,2629,753,3288,1284
add2.22.jpg,4000,3000,2,135,1534,663,2056
add2.22.jpg,4000,3000,/,929,1462,1354,1962
add2.22.jpg,4000,3000,2,1476,1381,2026,1878
add2.22.jpg,4000,3000,=,2113,1441,2535,1734
add2.22.jpg,4000,3000,1,2579,1322,3270,1822
add2.22.jpg,4000,3000,3,157,2131,745,2903
add2.22.jpg,4000,3000,/,832,2069,1413,2572
add2.22.jpg,4000,3000,3,1513,1956,1995,2572
add2.22.jpg,4000,3000,=,2129,1997,2507,2256
add2.22.jpg,4000,3000,1,2520,1928,3160,2409
add2.23.jpg,4000,3000,4,245,197,835,822
add2.23.jpg,4000,3000,/,910,225,1360,691
add2.23.jpg,4000,3000,4,1429,159,1863,753
add2.23.jpg,4000,3000,=,1926,284,2320,575
add2.23.jpg,4000,3000,1,2332,228,2951,656
add2.23.jpg,4000,3000,5,179,881,729,1403
add2.23.jpg,4000,3000,/,820,884,1388,1325
add2.23.jpg,4000,3000,5,1398,828,1745,1275
add2.23.jpg,4000,3000,=,1863,891,2226,1169
add2.23.jpg,4000,3000,1,2313,797,2901,1281
add2.23.jpg,4000,3000,6,276,1406,704,1850
add2.23.jpg,4000,3000,/,757,1466,1257,1869
add2.23.jpg,4000,3000,6,1332,1294,1732,1850
add2.23.jpg,4000,3000,=,1791,1434,2207,1744
add2.23.jpg,4000,3000,1,2220,1328,2760,1753
add2.23.jpg,4000,3000,7,216,1972,710,2609
add2.23.jpg,4000,3000,/,816,1969,1235,2387
add2.23.jpg,4000,3000,7,1257,1887,1623,2444
add2.23.jpg,4000,3000,=,1745,1922,2185,2166
add2.23.jpg,4000,3000,1,2154,1853,2670,2356
add2.24.jpg,4000,3000,8,416,222,960,884
add2.24.jpg,4000,3000,/,1016,334,1554,844
add2.24.jpg,4000,3000,8,1654,319,2038,797
add2.24.jpg,4000,3000,=,2141,375,2585,650
add2.24.jpg,4000,3000,1,2638,275,3260,675
add2.24.jpg,4000,3000,9,398,906,873,1581
add2.24.jpg,4000,3000,/,1016,966,1441,1303
add2.24.jpg,4000,3000,9,1604,856,2023,1441
add2.24.jpg,4000,3000,=,2138,1009,2513,1297
add2.24.jpg,4000,3000,1,2529,834,3145,1397
add2.24.jpg,4000,3000,0,323,1662,804,2191
add2.24.jpg,4000,3000,-,948,1750,1482,1925
add2.24.jpg,4000,3000,0,1523,1534,1945,1941
add2.24.jpg,4000,3000,=,2001,1600,2373,1881
add2.24.jpg,4000,3000,0,2507,1441,3088,1866
add2.24.jpg,4000,3000,1,357,2300,810,2859
add2.24.jpg,4000,3000,-,895,2316,1416,2537
add2.24.jpg,4000,3000,1,1416,2050,1923,2681
add2.24.jpg,4000,3000,=,1973,2134,2413,2419
add2.24.jpg,4000,3000,0,2420,1987,2970,2587
add2.25.jpg,4000,3000,2,91,406,570,812
add2.25.jpg,4000,3000,-,820,450,1276,684
add2.25.jpg,4000,3000,2,1307,319,1654,644
add2.25.jpg,4000,3000,=,1926,394,2326,612
add2.25.jpg,4000,3000,0,2363,244,2870,681
add2.25.jpg,4000,3000,3,129,1072,582,1581
add2.25.jpg,4000,3000,-,801,1031,1207,1266
add2.25.jpg,4000,3000,3,1266,859,1623,1387
add2.25.jpg,4000,3000,=,1823,994,2245,1262
add2.25.jpg,4000,3000,0,2282,859,2745,1266
add2.25.jpg,4000,3000,4,145,1716,591,2144
add2.25.jpg,4000,3000,-,757,1672,1210,1941
add2.25.jpg,4000,3000,4,1257,1500,1620,1956
add2.25.jpg,4000,3000,=,1732,1553,2135,1822
add2.25.jpg,4000,3000,0,2207,1487,2648,1834
add2.25.jpg,4000,3000,5,210,2253,576,2853
add2.25.jpg,4000,3000,-,745,2262,1201,2481
add2.25.jpg,4000,3000,5,1226,2081,1632,2594
add2.25.jpg,4000,3000,=,1748,2053,2166,2356
add2.25.jpg,4000,3000,0,2204,1978,2695,2403
add2.26.jpg,4000,3000,6,116,228,601,825
add2.26.jpg,4000,3000,-,791,406,1251,644
add2.26.jpg,4000,3000,6,1298,181,1666,653
add2.26.jpg,4000,3000,=,1926,356,2335,631
add2.26.jpg,4000,3000,0,2354,237,2873,691
add2.26.jpg,4000,3000,7,132,1022,629,1562
add2.26.jpg,4000,3000,-,798,1022,1201,1262
add2.26.jpg,4000,3000,7,1251,875,1660,1287
add2.26.jpg,4000,3000,=,1885,994,2213,1253
add2.26.jpg,4000,3000,0,2288,900,2754,1275
add2.26.jpg,4000,3000,8,191,1647,648,2156
add2.26.jpg,4000,3000,-,757,1647,1198,1900
add2.26.jpg,4000,3000,8,1273,1500,1607,1909
add2.26.jpg,4000,3000,=,1716,1575,2123,1834
add2.26.jpg,4000,3000,0,2157,1503,2629,1853
add2.26.jpg,4000,3000,9,195,2222,638,2775
add2.26.jpg,4000,3000,-,723,2256,1188,2472
add2.26.jpg,4000,3000,9,1238,2091,1638,2619
add2.26.jpg,4000,3000,=,1713,2066,2145,2353
add2.26.jpg,4000,3000,0,2163,1981,2632,2472
add2.27.jpg,4000,3000,(,270,175,576,759
add2.27.jpg,4000,3000,0,582,316,954,691
add2.27.jpg,4000,3000,<,1238,191,1732,553
add2.27.jpg,4000,3000,1,1754,172,2166,581
add2.27.jpg,4000,3000,),2298,112,2654,578
add2.27.jpg,4000,3000,(,245,787,516,1475
add2.27.jpg,4000,3000,3,551,837,926,1397
add2.27.jpg,4000,3000,<,1216,756,1582,1237
add2.27.jpg,4000,3000,2,1735,694,2241,1212
add2.27.jpg,4000,3000,),2323,606,2729,1262
add2.27.jpg,4000,3000,(,198,1484,498,2116
add2.27.jpg,4000,3000,4,510,1500,901,2041
add2.27.jpg,4000,3000,<,1123,1431,1545,1881
add2.27.jpg,4000,3000,5,1745,1356,2104,1884
add2.27.jpg,4000,3000,),2329,1319,2710,1944
add2.27.jpg,4000,3000,(,191,2159,570,2881
add2.27.jpg,4000,3000,7,585,2091,898,2609
add2.27.jpg,4000,3000,<,1148,2016,1632,2603
add2.27.jpg,4000,3000,6,1766,1909,2113,2494
add2.27.jpg,4000,3000,),2154,1956,2604,2822
add2.28.jpg,4000,3000,(,210,25,623,616
add2.28.jpg,4000,3000,8,688,144,1004,559
add2.28.jpg,4000,3000,>,1263,50,1676,553
add2.28.jpg,4000,3000,9,1838,72,2229,512
add2.28.jpg,4000,3000,),2345,12,2704,484
add2.28.jpg,4000,3000,(,191,644,445,1356
add2.28.jpg,4000,3000,1,438,794,766,1178
add2.28.jpg,4000,3000,1,801,744,1138,1125
add2.28.jpg,4000,3000,>,1251,634,1563,1100
add2.28.jpg,4000,3000,1,1635,631,1995,1044
add2.28.jpg,4000,3000,0,2004,653,2295,966
add2.28.jpg,4000,3000,),2354,556,2666,1156
add2.28.jpg,4000,3000,(,163,1369,382,1981
add2.28.jpg,4000,3000,1,407,1403,751,1831
add2.28.jpg,4000,3000,2,754,1366,1045,1766
add2.28.jpg,4000,3000,>,1232,1247,1557,1684
add2.28.jpg,4000,3000,1,1616,1222,1935,1600
add2.28.jpg,4000,3000,3,1948,1162,2263,1584
add2.28.jpg,4000,3000,),2338,1253,2741,1884
add2.28.jpg,4000,3000,(,88,2034,451,2809
add2.28.jpg,4000,3000,1,460,2006,748,2606
add2.28.jpg,4000,3000,5,791,2022,1032,2472
add2.28.jpg,4000,3000,>,1176,1912,1563,2456
add2.28.jpg,4000,3000,1,1582,1881,1882,2366
add2.28.jpg,4000,3000,6,1932,1853,2245,2312
add2.28.jpg,4000,3000,),2176,1887,2598,2728
add2.29.jpg,4000,3000,0,273,241,701,666
add2.29.jpg,4000,3000,+,745,206,1151,609
add2.29.jpg,4000,3000,1,1216,172,1651,572
add2.29.jpg,4000,3000,-,1691,272,1960,419
add2.29.jpg,4000,3000,2,1945,184,2301,591
add2.29.jpg,4000,3000,x,2351,191,2670,475
add2.29.jpg,4000,3000,3,2682,137,3182,569
add2.29.jpg,4000,3000,=,273,809,620,1081
add2.29.jpg,4000,3000,4,766,725,1113,1172
add2.29.jpg,4000,3000,/,1213,706,1641,1044
add2.29.jpg,4000,3000,5,1763,662,2101,1112
add2.29.jpg,4000,3000,+,2163,653,2504,1012
add2.29.jpg,4000,3000,6,2579,622,2898,1006
add2.29.jpg,4000,3000,-,3020,694,3566,978
add2.29.jpg,4000,3000,7,88,1372,610,1950
add2.29.jpg,4000,3000,x,795,1381,1098,1741
add2.29.jpg,4000,3000,8,1232,1266,1520,1753
add2.29.jpg,4000,3000,=,1701,1331,2016,1581
add2.29.jpg,4000,3000,9,2057,1172,2432,1672
add2.29.jpg,4000,3000,n,2626,1116,3013,1587
add2.29.jpg,4000,3000,<,698,1872,1216,2494
add2.29.jpg,4000,3000,>,1595,1850,2095,2294
add2.29.jpg,4000,3000,(,2585,1681,2895,2384
add2.29.jpg,4000,3000,),3076,1684,3416,2334
add2.3.jpg,4000,3000,9,226,228,641,884
add2.3.jpg,4000,3000,x,788,241,1232,778
add2.3.jpg,4000,3000,7,1354,162,1835,825
add2.3.jpg,4000,3000,+,1873,178,2320,756
add2.3.jpg,4000,3000,4,2398,197,2726,700
add2.3.jpg,4000,3000,=,2810,291,3220,609
add2.3.jpg,4000,3000,3,170,928,685,1662
add2.3.jpg,4000,3000,+,745,1000,1138,1412
add2.3.jpg,4000,3000,5,1201,912,1604,1525
add2.3.jpg,4000,3000,x,1741,1016,2166,1431
add2.3.jpg,4000,3000,8,2298,941,2635,1487
add2.3.jpg,4000,3000,=,2685,1028,3226,1428
add2.3.jpg,4000,3000,1,163,1669,588,2256
add2.3.jpg,4000,3000,x,716,1625,1035,2059
add2.3.jpg,4000,3000,2,1101,1578,1560,2084
add2.3.jpg,4000,3000,+,1670,1494,2091,1962
add2.3.jpg,4000,3000,3,2132,1525,2604,2009
add2.3.jpg,4000,3000,=,2641,1572,3141,1844
add2.3.jpg,4000,3000,4,135,2303,566,2866
add2.3.jpg,4000,3000,+,657,2266,960,2656
add2.3.jpg,4000,3000,5,1048,2159,1466,2747
add2.3.jpg,4000,3000,x,1582,2191,1901,2587
add2.3.jpg,4000,3000,6,1995,2031,2435,2719
add2.3.jpg,4000,3000,=,2516,2197,3257,2503
add2.30.jpg,4000,3000,0,213,256,732,700
add2.30.jpg,4000,3000,+,763,172,1198,700
add2.30.jpg,4000,3000,1,1254,169,1707,575
add2.30.jpg,4000,3000,n,1735,178,2051,556
add2.30.jpg,4000,3000,=,2085,200,2491,447
add2.30.jpg,4000,3000,2,2498,131,2951,503
add2.30.jpg,4000,3000,3,182,781,704,1337
add2.30.jpg,4000,3000,-,763,878,1229,1031
add2.30.jpg,4000,3000,4,1313,666,1738,1147
add2.30.jpg,4000,3000,n,1785,712,2120,1125
add2.30.jpg,4000,3000,>,2195,659,2545,1166
add2.30.jpg,4000,3000,5,2635,581,3091,1162
add2.30.jpg,4000,3000,6,110,1366,460,2028
add2.30.jpg,4000,3000,n,466,1512,791,1922
add2.30.jpg,4000,3000,/,913,1456,1329,1834
add2.30.jpg,4000,3000,7,1382,1297,1779,1822
add2.30.jpg,4000,3000,<,1848,1228,2216,1750
add2.30.jpg,4000,3000,8,2357,1244,2795,1712
add2.30.jpg,4000,3000,9,1,2100,438,2829
add2.30.jpg,4000,3000,n,470,2128,829,2659
add2.30.jpg,4000,3000,x,998,2016,1326,2550
add2.30.jpg,4000,3000,0,1401,1922,1826,2412
add2.30.jpg,4000,3000,=,1923,1912,2313,2191
add2.30.jpg,4000,3000,1,2310,1809,2848,2375
add2.31.jpg,4000,3000,9,273,297,635,847
add2.31.jpg,4000,3000,n,666,344,1001,741
add2.31.jpg,4000,3000,x,1101,347,1429,675
add2.31.jpg,4000,3000,8,1473,206,1823,700
add2.31.jpg,4000,3000,=,1891,250,2270,587
add2.31.jpg,4000,3000,7,2329,187,2738,616
add2.31.jpg,4000,3000,6,216,891,595,1456
add2.31.jpg,4000,3000,n,613,956,1007,1391
add2.31.jpg,4000,3000,/,1082,912,1488,1300
add2.31.jpg,4000,3000,5,1510,816,1813,1278
add2.31.jpg,4000,3000,>,1926,744,2332,1231
add2.31.jpg,4000,3000,4,2357,716,2760,1194
add2.31.jpg,4000,3000,3,223,1512,682,2125
add2.31.jpg,4000,3000,+,776,1456,1116,1916
add2.31.jpg,4000,3000,2,1154,1412,1585,1828
add2.31.jpg,4000,3000,n,1623,1397,1979,1787
add2.31.jpg,4000,3000,=,2010,1444,2366,1644
add2.31.jpg,4000,3000,1,2382,1334,3041,1816
add2.31.jpg,4000,3000,0,170,2228,629,2784
add2.31.jpg,4000,3000,-,679,2262,1148,2453
add2.31.jpg,4000,3000,9,1185,1994,1570,2612
add2.31.jpg,4000,3000,n,1635,2034,1988,2528
add2.31.jpg,4000,3000,<,2060,1891,2395,2441
add2.31.jpg,4000,3000,2,2445,1897,2929,2369
add2.4.jpg,4000,3000,4,363,266,791,809
add2.4.jpg,4000,3000,/,835,322,1335,766
add2.4.jpg,4000,3000,2,1438,284,1820,809
add2.4.jpg,4000,3000,<,1954,291,2429,812
add2.4.jpg,4000,3000,9,2560,281,3060,878
add2.4.jpg,4000,3000,7,263,919,813,1512
add2.4.jpg,4000,3000,/,845,962,1363,1444
add2.4.jpg,4000,3000,3,1438,919,1907,1481
add2.4.jpg,4000,3000,<,1938,912,2382,1397
add2.4.jpg,4000,3000,5,2501,903,2951,1481
add2.4.jpg,4000,3000,1,210,1553,698,2131
add2.4.jpg,4000,3000,/,770,1566,1251,1984
add2.4.jpg,4000,3000,1,1310,1487,1863,2037
add2.4.jpg,4000,3000,<,1916,1516,2285,1878
add2.4.jpg,4000,3000,4,2351,1506,2866,1934
add2.4.jpg,4000,3000,6,204,2169,704,2850
add2.4.jpg,4000,3000,x,738,2191,1229,2678
add2.4.jpg,4000,3000,5,1323,2062,1854,2681
add2.4.jpg,4000,3000,=,1923,2062,2348,2425
add2.4.jpg,4000,3000,3,2357,1987,2816,2594
add2.4.jpg,4000,3000,0,2820,2000,3298,2503
add2.5.jpg,4000,3000,4,323,184,841,784
add2.5.jpg,4000,3000,-,913,419,1288,600
add2.5.jpg,4000,3000,2,1313,216,1776,678
add2.5.jpg,4000,3000,<,1916,191,2476,697
add2.5.jpg,4000,3000,3,2660,191,3285,775
add2.5.jpg,4000,3000,7,291,834,782,1384
add2.5.jpg,4000,3000,-,851,947,1263,1112
add2.5.jpg,4000,3000,3,1279,787,1760,1334
add2.5.jpg,4000,3000,<,1895,784,2320,1278
add2.5.jpg,4000,3000,5,2535,806,3007,1303
add2.5.jpg,4000,3000,1,135,1434,588,1928
add2.5.jpg,4000,3000,-,676,1581,1023,1750
add2.5.jpg,4000,3000,1,1076,1350,1604,1803
add2.5.jpg,4000,3000,<,1791,1306,2248,1809
add2.5.jpg,4000,3000,9,2448,1319,2995,1791
add2.5.jpg,4000,3000,6,38,1975,516,2787
add2.5.jpg,4000,3000,-,520,2187,941,2334
add2.5.jpg,4000,3000,5,1026,1897,1620,2600
add2.5.jpg,4000,3000,=,1704,1959,2248,2316
add2.5.jpg,4000,3000,1,2270,1894,2916,2569
add2.6.jpg,4000,3000,9,341,306,798,894
add2.6.jpg,4000,3000,5,879,297,1360,884
add2.6.jpg,4000,3000,1,1498,300,1954,916
add2.6.jpg,4000,3000,>,2020,356,2532,825
add2.6.jpg,4000,3000,n,2566,381,2995,944
add2.6.jpg,4000,3000,/,3035,409,3738,862
add2.6.jpg,4000,3000,8,213,1047,720,1728
add2.6.jpg,4000,3000,4,791,969,1235,1703
add2.6.jpg,4000,3000,0,1338,966,1870,1622
add2.6.jpg,4000,3000,(,1998,906,2360,1575
add2.6.jpg,4000,3000,x,2426,1019,2970,1512
add2.6.jpg,4000,3000,7,154,1775,557,2322
add2.6.jpg,4000,3000,3,676,1697,1151,2237
add2.6.jpg,4000,3000,=,1288,1656,1757,2003
add2.6.jpg,4000,3000,),1932,1500,2298,2197
add2.6.jpg,4000,3000,+,2391,1525,2829,2031
add2.6.jpg,4000,3000,6,7,2344,423,2962
add2.6.jpg,4000,3000,2,501,2272,1023,2862
add2.6.jpg,4000,3000,<,1179,2159,1716,2747
add2.6.jpg,4000,3000,^,1782,2212,2223,2678
add2.6.jpg,4000,3000,-,2398,2300,2951,2572
add2.7.jpg,4000,3000,3,220,412,876,1219
add2.7.jpg,4000,3000,-,901,656,1210,847
add2.7.jpg,4000,3000,3,1220,459,1938,1147
add2.7.jpg,4000,3000,=,1960,562,2441,922
add2.7.jpg,4000,3000,0,2445,481,2932,1006
add2.7.jpg,4000,3000,+,2979,503,3488,1016
add2.7.jpg,4000,3000,8,129,1444,651,2156
add2.7.jpg,4000,3000,x,720,1434,1223,1934
add2.7.jpg,4000,3000,2,1248,1391,1691,1909
add2.7.jpg,4000,3000,/,1776,1303,2354,1925
add2.7.jpg,4000,3000,1,2385,1272,2816,1941
add2.7.jpg,4000,3000,^,2873,1244,3370,1831
add2.7.jpg,4000,3000,7,57,2231,610,2944
add2.7.jpg,4000,3000,>,676,2109,1135,2831
add2.7.jpg,4000,3000,<,1157,2041,1635,2794
add2.7.jpg,4000,3000,5,1688,1987,2157,2706
add2.7.jpg,4000,3000,4,2220,1966,2648,2584
add2.7.jpg,4000,3000,9,2779,1937,3238,2591
add2.8.jpg,4000,3000,5,238,206,782,1056
add2.8.jpg,4000,3000,x,838,272,1257,812
add2.8.jpg,4000,3000,4,1273,275,1785,884
add2.8.jpg,4000,3000,+,1820,291,2313,822
add2.8.jpg,4000,3000,3,2398,262,2848,900
add2.8.jpg,4000,3000,-,2932,459,3598,728
add2.8.jpg,4000,3000,2,157,1084,638,1622
add2.8.jpg,4000,3000,/,695,1066,1154,1400
add2.8.jpg,4000,3000,1,1210,922,1782,1578
add2.8.jpg,4000,3000,^,1829,878,2245,1256
add2.8.jpg,4000,3000,0,2260,937,2838,1494
add2.8.jpg,4000,3000,=,2879,1041,3451,1319
add2.8.jpg,4000,3000,9,66,1712,563,2519
add2.8.jpg,4000,3000,x,657,1762,1051,2228
add2.8.jpg,4000,3000,8,1176,1678,1691,2366
add2.8.jpg,4000,3000,+,1742,1634,2261,2259
add2.8.jpg,4000,3000,7,2341,1600,2845,2212
add2.8.jpg,4000,3000,-,2879,1809,3479,2016
add2.9.jpg,4000,3000,1,116,337,713,950
add2.9.jpg,4000,3000,2,838,306,1510,906
add2.9.jpg,4000,3000,3,1576,316,2216,875
add2.9.jpg,4000,3000,4,2351,309,2998,859
add2.9.jpg,4000,3000,8,3110,328,3620,875
add2.9.jpg,4000,3000,5,20,1066,691,1784
add2.9.jpg,4000,3000,6,907,944,1348,1694
add2.9.jpg,4000,3000,7,1688,975,2229,1712
add2.9.jpg,4000,3000,2,2382,956,2926,1744
add2.9.jpg,4000,3000,5,3029,962,3532,1716
add2.9.jpg,4000,3000,4,1,1897,666,2867
add2.9.jpg,4000,3000,2,773,1750,1348,2775
add2.9.jpg,4000,3000,3,1616,1772,2260,2769
add2.9.jpg,4000,3000,1,2307,1781,3016,2700
add2.9.jpg,4000,3000,0,3051,1794,3551,2597
div.1.jpg,4000,3000,/,320,506,913,962
div.1.jpg,4000,3000,/,1032,441,1648,934
div.1.jpg,4000,3000,/,1841,475,2382,937
div.1.jpg,4000,3000,/,2454,481,2741,834
div.1.jpg,4000,3000,/,2904,462,3351,834
div.1.jpg,4000,3000,/,504,1203,904,1666
div.1.jpg,4000,3000,/,1120,1237,1676,1622
div.1.jpg,4000,3000,/,1929,1219,2363,1659
div.1.jpg,4000,3000,/,2466,1209,2866,1675
div.1.jpg,4000,3000,/,2945,1294,3382,1672
div.1.jpg,4000,3000,/,501,2066,985,2453
div.1.jpg,4000,3000,/,1213,2034,1635,2462
div.1.jpg,4000,3000,/,1910,2087,2341,2428
div.1.jpg,4000,3000,/,2523,2066,2966,2434
div.1.jpg,4000,3000,/,3048,2028,3495,2428
div.2.jpg,4000,3000,/,404,494,948,1016
div.2.jpg,4000,3000,/,1101,544,1641,972
div.2.jpg,4000,3000,/,1795,591,2310,950
div.2.jpg,4000,3000,/,2354,606,2726,891
div.2.jpg,4000,3000,/,2807,600,3235,903
div.2.jpg,4000,3000,/,620,1141,1020,1466
div.2.jpg,4000,3000,/,1176,1153,1679,1450
div.2.jpg,4000,3000,/,1882,1153,2213,1491
div.2.jpg,4000,3000,/,2263,1206,2623,1494
div.2.jpg,4000,3000,/,2673,1225,3045,1497
div.2.jpg,4000,3000,/,779,1675,1145,1975
div.2.jpg,4000,3000,/,1273,1678,1635,1934
div.2.jpg,4000,3000,/,1816,1700,2116,1934
div.2.jpg,4000,3000,/,2223,1684,2576,1944
div.2.jpg,4000,3000,/,2616,1666,2941,1903
div.3.jpg,4000,3000,/,776,391,1320,987
div.3.jpg,4000,3000,/,1416,437,1882,900
div.3.jpg,4000,3000,/,1966,456,2263,856
div.3.jpg,4000,3000,/,2301,512,2485,812
div.3.jpg,4000,3000,/,2495,516,2735,778
div.3.jpg,4000,3000,/,966,1253,1385,1622
div.3.jpg,4000,3000,/,1532,1169,1913,1516
div.3.jpg,4000,3000,/,2023,1116,2307,1409
div.3.jpg,4000,3000,/,2326,1087,2523,1378
div.3.jpg,4000,3000,/,2548,1078,2720,1372
div.3.jpg,4000,3000,/,1132,2025,1501,2397
div.3.jpg,4000,3000,/,1591,1825,1904,2169
div.3.jpg,4000,3000,/,2020,1703,2288,2050
div.3.jpg,4000,3000,/,2332,1619,2551,1937
div.3.jpg,4000,3000,/,2576,1544,2757,1800
div.4.jpg,4000,3000,/,763,675,1107,1106
div.4.jpg,4000,3000,/,1204,603,1685,1022
div.4.jpg,4000,3000,/,1723,569,2213,922
div.4.jpg,4000,3000,/,2241,487,2648,800
div.4.jpg,4000,3000,/,2698,381,3213,737
div.4.jpg,4000,3000,/,870,1269,1220,1600
div.4.jpg,4000,3000,/,1351,1256,1720,1575
div.4.jpg,4000,3000,/,1901,1237,2276,1547
div.4.jpg,4000,3000,/,2348,1222,2741,1556
div.4.jpg,4000,3000,/,2845,1209,3329,1566
div.4.jpg,4000,3000,/,960,1909,1279,2194
div.4.jpg,4000,3000,/,1304,1900,1723,2187
div.4.jpg,4000,3000,/,1891,1916,2298,2256
div.4.jpg,4000,3000,/,2404,1909,2898,2256
div.4.jpg,4000,3000,/,2941,1897,3438,2256
greater_then.1.jpg,4000,3000,>,413,378,888,950
greater_then.1.jpg,4000,3000,>,1045,366,1479,778
greater_then.1.jpg,4000,3000,>,1791,328,2335,769
greater_then.1.jpg,4000,3000,>,2488,337,2957,744
greater_then.1.jpg,4000,3000,>,3248,309,3723,719
greater_then.1.jpg,4000,3000,>,523,1209,1001,1781
greater_then.1.jpg,4000,3000,>,1166,1259,1554,1659
greater_then.1.jpg,4000,3000,>,1757,1272,2182,1709
greater_then.1.jpg,4000,3000,>,2366,1316,2873,1841
greater_then.1.jpg,4000,3000,>,3048,1334,3545,1825
greater_then.1.jpg,4000,3000,>,660,2003,1070,2466
greater_then.1.jpg,4000,3000,>,1235,2028,1610,2462
greater_then.1.jpg,4000,3000,>,1751,1981,2163,2525
greater_then.1.jpg,4000,3000,>,2351,2044,2735,2434
greater_then.1.jpg,4000,3000,>,2957,2050,3491,2462
greater_then.2.jpg,4000,3000,>,254,22,870,653
greater_then.2.jpg,4000,3000,>,945,53,1441,547
greater_then.2.jpg,4000,3000,>,1663,144,2063,469
greater_then.2.jpg,4000,3000,>,2160,178,2516,541
greater_then.2.jpg,4000,3000,>,2598,231,2916,516
greater_then.2.jpg,4000,3000,>,373,1006,932,1572
greater_then.2.jpg,4000,3000,>,1098,1034,1438,1353
greater_then.2.jpg,4000,3000,>,1616,972,1945,1450
greater_then.2.jpg,4000,3000,>,2076,1012,2382,1450
greater_then.2.jpg,4000,3000,>,2491,1041,2763,1428
greater_then.2.jpg,4000,3000,>,495,1837,1001,2266
greater_then.2.jpg,4000,3000,>,1107,1772,1470,2194
greater_then.2.jpg,4000,3000,>,1570,1694,1895,2106
greater_then.2.jpg,4000,3000,>,2010,1622,2301,1991
greater_then.2.jpg,4000,3000,>,2416,1587,2707,1931
greater_then.3.jpg,4000,3000,>,560,403,926,853
greater_then.3.jpg,4000,3000,>,941,366,1301,737
greater_then.3.jpg,4000,3000,>,1482,322,1857,675
greater_then.3.jpg,4000,3000,>,2041,262,2488,647
greater_then.3.jpg,4000,3000,>,2729,216,3170,619
greater_then.3.jpg,4000,3000,>,676,1034,1029,1412
greater_then.3.jpg,4000,3000,>,1104,1053,1385,1381
greater_then.3.jpg,4000,3000,>,1491,1047,1851,1437
greater_then.3.jpg,4000,3000,>,1973,1097,2429,1559
greater_then.3.jpg,4000,3000,>,2598,1166,3041,1581
greater_then.3.jpg,4000,3000,>,782,1553,1066,1934
greater_then.3.jpg,4000,3000,>,1135,1637,1426,1991
greater_then.3.jpg,4000,3000,>,1529,1669,1851,2087
greater_then.3.jpg,4000,3000,>,1976,1725,2326,2112
greater_then.3.jpg,4000,3000,>,2529,1803,3016,2181
greater_then.4.jpg,4000,3000,>,407,444,948,978
greater_then.4.jpg,4000,3000,>,1023,456,1479,856
greater_then.4.jpg,4000,3000,>,1723,478,2201,797
greater_then.4.jpg,4000,3000,>,2398,484,2782,862
greater_then.4.jpg,4000,3000,>,2998,525,3398,828
greater_then.4.jpg,4000,3000,>,551,1191,1066,1600
greater_then.4.jpg,4000,3000,>,1179,1212,1485,1537
greater_then.4.jpg,4000,3000,>,1663,1234,2026,1606
greater_then.4.jpg,4000,3000,>,2170,1294,2579,1672
greater_then.4.jpg,4000,3000,>,2720,1362,3079,1637
greater_then.4.jpg,4000,3000,>,691,1775,1085,2122
greater_then.4.jpg,4000,3000,>,1179,1791,1507,2128
greater_then.4.jpg,4000,3000,>,1610,1797,1932,2122
greater_then.4.jpg,4000,3000,>,2082,1787,2426,2081
greater_then.4.jpg,4000,3000,>,2541,1809,2957,2084
n.1.jpg,4000,3000,n,276,72,816,734
n.1.jpg,4000,3000,n,995,144,1532,737
n.1.jpg,4000,3000,n,1788,94,2266,675
n.1.jpg,4000,3000,n,2595,103,2973,669
n.1.jpg,4000,3000,n,3213,122,3751,703
n.1.jpg,4000,3000,n,391,887,901,1478
n.1.jpg,4000,3000,n,1073,869,1548,1441
n.1.jpg,4000,3000,n,1863,850,2307,1416
n.1.jpg,4000,3000,n,2488,809,2995,1347
n.1.jpg,4000,3000,n,3213,781,3713,1406
n.1.jpg,4000,3000,n,466,1850,941,2381
n.1.jpg,4000,3000,n,1116,1728,1582,2287
n.1.jpg,4000,3000,n,1838,1675,2291,2316
n.1.jpg,4000,3000,n,2520,1672,2926,2256
n.1.jpg,4000,3000,n,3148,1697,3545,2197
n.2.jpg,4000,3000,n,310,250,779,872
n.2.jpg,4000,3000,n,941,316,1310,834
n.2.jpg,4000,3000,n,1491,328,1826,775
n.2.jpg,4000,3000,n,1916,319,2201,762
n.2.jpg,4000,3000,n,2257,359,2523,772
n.2.jpg,4000,3000,n,448,1028,885,1606
n.2.jpg,4000,3000,n,1013,956,1382,1544
n.2.jpg,4000,3000,n,1491,916,1816,1369
n.2.jpg,4000,3000,n,1891,834,2213,1297
n.2.jpg,4000,3000,n,2232,828,2488,1275
n.2.jpg,4000,3000,n,635,1884,973,2416
n.2.jpg,4000,3000,n,1073,1706,1404,2194
n.2.jpg,4000,3000,n,1545,1541,1841,2003
n.2.jpg,4000,3000,n,1923,1478,2157,1878
n.2.jpg,4000,3000,n,2229,1419,2457,1787
n.3.jpg,4000,3000,n,613,659,954,1081
n.3.jpg,4000,3000,n,1091,684,1495,1137
n.3.jpg,4000,3000,n,1651,694,2057,1069
n.3.jpg,4000,3000,n,2220,659,2582,1091
n.3.jpg,4000,3000,n,2701,684,3116,1119
n.3.jpg,4000,3000,n,685,1162,982,1584
n.3.jpg,4000,3000,n,1145,1197,1513,1597
n.3.jpg,4000,3000,n,1638,1141,2001,1531
n.3.jpg,4000,3000,n,2163,1131,2498,1500
n.3.jpg,4000,3000,n,2620,1128,3038,1534
n.3.jpg,4000,3000,n,738,1722,1073,2041
n.3.jpg,4000,3000,n,1110,1666,1466,2025
n.3.jpg,4000,3000,n,1601,1647,1904,2003
n.3.jpg,4000,3000,n,2048,1628,2316,1962
n.3.jpg,4000,3000,n,2491,1669,2785,2025
n.4.jpg,4000,3000,n,913,631,1195,1037
n.4.jpg,4000,3000,n,1263,656,1620,994
n.4.jpg,4000,3000,n,1732,553,2088,956
n.4.jpg,4000,3000,n,2304,472,2663,944
n.4.jpg,4000,3000,n,2820,469,3360,947
n.4.jpg,4000,3000,n,966,1091,1226,1500
n.4.jpg,4000,3000,n,1310,1094,1585,1469
n.4.jpg,4000,3000,n,1751,1081,2076,1456
n.4.jpg,4000,3000,n,2245,984,2651,1475
n.4.jpg,4000,3000,n,2835,966,3298,1534
n.4.jpg,4000,3000,n,957,1684,1245,2112
n.4.jpg,4000,3000,n,1291,1681,1576,2066
n.4.jpg,4000,3000,n,1735,1634,2070,2125
n.4.jpg,4000,3000,n,2229,1619,2560,2100
n.4.jpg,4000,3000,n,2745,1750,3132,2197
sqrt.1.jpg,4000,3000,sqrt,391,56,1176,672
sqrt.1.jpg,4000,3000,sqrt,1473,181,1932,722
sqrt.1.jpg,4000,3000,sqrt,1998,262,2335,681
sqrt.1.jpg,4000,3000,sqrt,2357,303,2629,706
sqrt.1.jpg,4000,3000,sqrt,2673,344,2907,728
sqrt.1.jpg,4000,3000,sqrt,507,922,1238,1512
sqrt.1.jpg,4000,3000,sqrt,1426,903,1835,1369
sqrt.1.jpg,4000,3000,sqrt,1891,841,2276,1294
sqrt.1.jpg,4000,3000,sqrt,2295,850,2570,1287
sqrt.1.jpg,4000,3000,sqrt,2579,872,2870,1331
sqrt.1.jpg,4000,3000,sqrt,601,1694,1263,2284
sqrt.1.jpg,4000,3000,sqrt,1404,1534,1810,2175
sqrt.1.jpg,4000,3000,sqrt,1876,1450,2201,2022
sqrt.1.jpg,4000,3000,sqrt,2216,1428,2473,1891
sqrt.1.jpg,4000,3000,sqrt,2535,1397,2882,1828
sqrt.2.jpg,4000,3000,sqrt,629,628,1226,1091
sqrt.2.jpg,4000,3000,sqrt,1520,637,1991,1050
sqrt.2.jpg,4000,3000,sqrt,2051,622,2466,1022
sqrt.2.jpg,4000,3000,sqrt,2485,641,2888,969
sqrt.2.jpg,4000,3000,sqrt,2929,656,3329,991
sqrt.2.jpg,4000,3000,sqrt,695,1206,1316,1575
sqrt.2.jpg,4000,3000,sqrt,1407,1137,1807,1522
sqrt.2.jpg,4000,3000,sqrt,1888,1094,2323,1516
sqrt.2.jpg,4000,3000,sqrt,2348,1100,2688,1503
sqrt.2.jpg,4000,3000,sqrt,2716,1147,3163,1559
sqrt.2.jpg,4000,3000,sqrt,770,1612,1370,2000
sqrt.2.jpg,4000,3000,sqrt,1413,1631,1751,1975
sqrt.2.jpg,4000,3000,sqrt,1816,1581,2151,1922
sqrt.2.jpg,4000,3000,sqrt,2195,1575,2488,1887
sqrt.2.jpg,4000,3000,sqrt,2563,1566,3001,1900
sqrt.3.jpg,4000,3000,sqrt,1016,372,1491,787
sqrt.3.jpg,4000,3000,sqrt,1638,356,2123,703
sqrt.3.jpg,4000,3000,sqrt,2201,278,2610,666
sqrt.3.jpg,4000,3000,sqrt,2632,256,3188,644
sqrt.3.jpg,4000,3000,sqrt,3229,197,3782,650
sqrt.3.jpg,4000,3000,sqrt,1010,953,1498,1297
sqrt.3.jpg,4000,3000,sqrt,1579,859,1995,1294
sqrt.3.jpg,4000,3000,sqrt,2001,837,2538,1272
sqrt.3.jpg,4000,3000,sqrt,2551,894,3023,1284
sqrt.3.jpg,4000,3000,sqrt,3073,950,3701,1378
sqrt.3.jpg,4000,3000,sqrt,1004,1444,1482,1884
sqrt.3.jpg,4000,3000,sqrt,1545,1478,1907,1894
sqrt.3.jpg,4000,3000,sqrt,1976,1428,2360,1956
sqrt.3.jpg,4000,3000,sqrt,2423,1447,2795,1941
sqrt.3.jpg,4000,3000,sqrt,2910,1462,3598,2087
sqrt.4.jpg,4000,3000,sqrt,357,225,1076,787
sqrt.4.jpg,4000,3000,sqrt,1376,262,2026,744
sqrt.4.jpg,4000,3000,sqrt,2085,212,2616,737
sqrt.4.jpg,4000,3000,sqrt,2635,253,3201,712
sqrt.4.jpg,4000,3000,sqrt,3251,253,3773,716
sqrt.4.jpg,4000,3000,sqrt,335,1009,1110,1550
sqrt.4.jpg,4000,3000,sqrt,1229,997,1832,1519
sqrt.4.jpg,4000,3000,sqrt,1901,891,2516,1469
sqrt.4.jpg,4000,3000,sqrt,2563,956,3035,1478
sqrt.4.jpg,4000,3000,sqrt,3145,1009,3754,1534
sqrt.4.jpg,4000,3000,sqrt,395,1687,1120,2319
sqrt.4.jpg,4000,3000,sqrt,1232,1737,1807,2297
sqrt.4.jpg,4000,3000,sqrt,1926,1669,2360,2231
sqrt.4.jpg,4000,3000,sqrt,2391,1662,2888,2219
sqrt.4.jpg,4000,3000,sqrt,2985,1666,3701,2256
x.1.jpg,4000,3000,x,370,309,854,841
x.1.jpg,4000,3000,x,991,266,1482,834
x.1.jpg,4000,3000,x,1673,300,2088,819
x.1.jpg,4000,3000,x,2251,266,2695,803
x.1.jpg,4000,3000,x,2901,300,3388,856
x.1.jpg,4000,3000,x,407,925,873,1531
x.1.jpg,4000,3000,x,1026,912,1495,1478
x.1.jpg,4000,3000,x,1651,909,2091,1525
x.1.jpg,4000,3000,x,2279,925,2741,1462
x.1.jpg,4000,3000,x,2826,912,3310,1500
x.1.jpg,4000,3000,x,507,1744,985,2425
x.1.jpg,4000,3000,x,1048,1806,1532,2362
x.1.jpg,4000,3000,x,1651,1800,1995,2269
x.1.jpg,4000,3000,x,2232,1722,2726,2303
x.1.jpg,4000,3000,x,2807,1806,3432,2344
x.2.jpg,4000,3000,x,116,322,648,887
x.2.jpg,4000,3000,x,788,412,1188,866
x.2.jpg,4000,3000,x,1279,403,1651,884
x.2.jpg,4000,3000,x,1716,459,2026,891
x.2.jpg,4000,3000,x,2060,541,2335,931
x.2.jpg,4000,3000,x,182,991,679,1647
x.2.jpg,4000,3000,x,832,975,1204,1519
x.2.jpg,4000,3000,x,1335,981,1685,1450
x.2.jpg,4000,3000,x,1729,1009,2020,1428
x.2.jpg,4000,3000,x,2051,975,2313,1359
x.2.jpg,4000,3000,x,341,1872,823,2478
x.2.jpg,4000,3000,x,863,1784,1341,2356
x.2.jpg,4000,3000,x,1398,1750,1701,2237
x.2.jpg,4000,3000,x,1770,1634,2032,2106
x.2.jpg,4000,3000,x,2082,1575,2432,1931
x.3.jpg,4000,3000,x,876,862,1173,1206
x.3.jpg,4000,3000,x,1304,759,1563,1162
x.3.jpg,4000,3000,x,1648,709,1973,1094
x.3.jpg,4000,3000,x,2057,603,2413,1028
x.3.jpg,4000,3000,x,2591,559,3095,966
x.3.jpg,4000,3000,x,948,1241,1191,1634
x.3.jpg,4000,3000,x,1295,1212,1566,1619
x.3.jpg,4000,3000,x,1679,1156,1991,1606
x.3.jpg,4000,3000,x,2085,1103,2470,1575
x.3.jpg,4000,3000,x,2570,1072,2976,1519
x.3.jpg,4000,3000,x,979,1844,1245,2237
x.3.jpg,4000,3000,x,1301,1844,1573,2197
x.3.jpg,4000,3000,x,1688,1831,2032,2297
x.3.jpg,4000,3000,x,2148,1809,2482,2228
x.3.jpg,4000,3000,x,2595,1806,3220,2303
x.4.jpg,4000,3000,x,645,634,1041,1066
x.4.jpg,4000,3000,x,1248,656,1616,1078
x.4.jpg,4000,3000,x,1791,612,2082,1041
x.4.jpg,4000,3000,x,2285,637,2616,1062
x.4.jpg,4000,3000,x,2785,625,3191,1037
x.4.jpg,4000,3000,x,710,1128,1054,1572
x.4.jpg,4000,3000,x,1241,1119,1554,1516
x.4.jpg,4000,3000,x,1704,1119,2076,1503
x.4.jpg,4000,3000,x,2176,1106,2507,1509
x.4.jpg,4000,3000,x,2610,1112,2954,1484
x.4.jpg,4000,3000,x,804,1722,1135,2141
x.4.jpg,4000,3000,x,1204,1712,1523,2053
x.4.jpg,4000,3000,x,1632,1759,1979,2022
x.4.jpg,4000,3000,x,2107,1656,2448,2022
x.4.jpg,4000,3000,x,2535,1656,2913,2016
^.1.jpg,4000,3000,^,404,344,860,894
^.1.jpg,4000,3000,^,1054,356,1554,819
^.1.jpg,4000,3000,^,1720,356,2232,878
^.1.jpg,4000,3000,^,2391,381,2816,844
^.1.jpg,4000,3000,^,2941,387,3438,853
^.1.jpg,4000,3000,^,557,1112,901,1531
^.1.jpg,4000,3000,^,1198,984,1545,1522
^.1.jpg,4000,3000,^,1845,981,2213,1459
^.1.jpg,4000,3000,^,2341,994,2770,1450
^.1.jpg,4000,3000,^,2916,1047,3254,1469
^.1.jpg,4000,3000,^,629,2003,938,2416
^.1.jpg,4000,3000,^,1220,1928,1554,2303
^.1.jpg,4000,3000,^,1807,1781,2123,2244
^.1.jpg,4000,3000,^,2351,1784,2698,2225
^.1.jpg,4000,3000,^,2857,1784,3235,2222
^.2.jpg,4000,3000,^,557,341,1085,809
^.2.jpg,4000,3000,^,1323,394,1732,812
^.2.jpg,4000,3000,^,1863,441,2201,869
^.2.jpg,4000,3000,^,2316,481,2551,828
^.2.jpg,4000,3000,^,2654,537,2913,844
^.2.jpg,4000,3000,^,738,1112,1085,1509
^.2.jpg,4000,3000,^,1329,994,1695,1462
^.2.jpg,4000,3000,^,1879,1003,2163,1425
^.2.jpg,4000,3000,^,2260,987,2510,1375
^.2.jpg,4000,3000,^,2582,1028,2841,1353
^.2.jpg,4000,3000,^,713,2028,1163,2409
^.2.jpg,4000,3000,^,1288,1834,1695,2253
^.2.jpg,4000,3000,^,1838,1687,2154,2112
^.2.jpg,4000,3000,^,2216,1619,2470,1987
^.2.jpg,4000,3000,^,2557,1587,2770,1900
^.3.jpg,4000,3000,^,513,584,916,972
^.3.jpg,4000,3000,^,1166,600,1551,975
^.3.jpg,4000,3000,^,1732,606,2141,1003
^.3.jpg,4000,3000,^,2295,625,2673,1003
^.3.jpg,4000,3000,^,2779,634,3195,1031
^.3.jpg,4000,3000,^,666,1197,982,1500
^.3.jpg,4000,3000,^,1232,1144,1529,1509
^.3.jpg,4000,3000,^,1816,1122,2132,1516
^.3.jpg,4000,3000,^,2229,1112,2535,1497
^.3.jpg,4000,3000,^,2682,1184,2979,1534
^.3.jpg,4000,3000,^,735,1853,1107,2172
^.3.jpg,4000,3000,^,1260,1806,1535,2112
^.3.jpg,4000,3000,^,1729,1703,2007,2069
^.3.jpg,4000,3000,^,2166,1712,2457,2034
^.3.jpg,4000,3000,^,2582,1703,2866,2056
^.4.jpg,4000,3000,^,579,462,929,800
^.4.jpg,4000,3000,^,1013,428,1376,803
^.4.jpg,4000,3000,^,1541,437,1926,859
^.4.jpg,4000,3000,^,2107,400,2541,850
^.4.jpg,4000,3000,^,2698,387,3254,878
^.4.jpg,4000,3000,^,657,1044,948,1375
^.4.jpg,4000,3000,^,1113,966,1379,1406
^.4.jpg,4000,3000,^,1654,978,1985,1487
^.4.jpg,4000,3000,^,2070,1034,2470,1466
^.4.jpg,4000,3000,^,2629,1084,3135,1637
^.4.jpg,4000,3000,^,695,1784,995,2116
^.4.jpg,4000,3000,^,1116,1775,1385,2153
^.4.jpg,4000,3000,^,1566,1750,1873,2194
^.4.jpg,4000,3000,^,2057,1822,2391,2312
^.4.jpg,4000,3000,^,2598,1875,3063,2431
